1,1980000,0
2,84448099,101
3,11656052,102
4,1640227,103
5,235226,104
6,34367,105
7,5113,106
8,775,107
9,119,108
10,19,109
11,3,110
12,0,111
13,0,112
14,0,113
15,0,114
16,0,115
17,0,116
18,0,117
19,0,118
20,0,119
21,0,120
22,0,121
23,0,122
24,0,123
25,0,124
26,0,125
27,0,126
28,0,127
29,0,128
30,0,129
31,0,130
32,0,131
33,0,132
34,0,133
35,0,134
36,0,135
37,0,136
38,0,137
39,0,138
40,0,139
41,0,140
42,0,141
43,0,142
44,0,143
45,0,144
46,0,145
47,0,146
48,0,147
49,0,148
50,0,149
51,0,150
52,0,151
53,0,152
54,0,153
55,0,154
56,0,155
57,0,156
58,0,157
59,0,158
60,0,159
61,0,160
62,0,161
63,0,162
64,0,163
65,0,164
66,0,165
67,0,166
68,0,167
69,0,168
70,0,169
71,0,170
72,0,171
73,0,172
74,0,173
75,0,174
76,0,175
77,0,176
78,0,177
79,0,178
80,0,179
81,0,180
82,0,181
83,0,182
84,0,183
85,0,184
86,0,185
87,0,186
88,0,187
89,0,188
90,0,189
91,0,190
92,0,191
93,0,192
94,0,193
95,0,194
96,0,195
97,0,196
98,0,197
99,0,198
100,0,199
101,0,200
102,0,201
103,0,202
104,0,203
105,0,204
106,0,205
107,0,206
108,0,207
109,0,208
110,0,209
111,0,210
112,0,211
113,0,212
114,0,213
115,0,214
116,0,215
117,0,216
118,0,217
119,0,218
120,0,219
121,0,220
122,0,221
123,0,222
124,0,223
125,0,224
126,0,225
127,0,226
128,0,227
129,0,228
130,0,229
131,0,230
132,0,231
133,0,232
134,0,233
135,0,234
136,0,235
137,0,236
138,0,237
139,0,238
140,0,239
141,0,240
142,0,241
143,0,242
144,0,243
145,0,244
146,0,245
147,0,246
148,0,247
149,0,248
150,0,249
151,0,250
152,0,251
153,0,252
154,0,253
155,0,254
156,0,255
157,0,256
158,0,257
159,0,258
160,0,259
161,0,260
162,0,261
163,0,262
164,0,263
165,0,264
166,0,265
167,0,266
168,0,267
169,0,268
170,0,269
171,0,270
172,0,271
173,0,272
174,0,273
175,0,274
176,0,275
177,0,276
178,0,277
179,0,278
180,0,279
181,0,280
182,0,281
183,0,282
184,0,283
185,0,284
186,0,285
187,0,286
188,0,287
189,0,288
190,0,289
191,0,290
192,0,291
193,0,292
194,0,293
195,0,294
196,0,295
197,0,296
198,0,297
199,0,298
200,0,299
201,0,300
202,0,301
203,0,302
204,0,303
205,0,304
206,0,305
207,0,306
208,0,307
209,0,308
210,0,309
211,0,310
212,0,311
213,0,312
214,0,313
215,0,314
216,0,315
217,0,316
218,0,317
219,0,318
220,0,319
221,0,320
222,0,321
223,0,322
224,0,323
225,0,324
226,0,325
227,0,326
228,0,327
229,0,328
230,0,329
231,0,330
232,0,331
233,0,332
234,0,333
235,0,334
236,0,335
237,0,336
238,0,337
239,0,338
240,0,339
241,0,340
242,0,341
243,0,342
244,0,343
245,0,344
246,0,345
247,0,346
248,0,347
249,0,348
250,0,349
251,0,350
252,0,351
253,0,352
254,0,353
255,0,354
256,0,355
257,0,356
258,0,357
259,0,358
260,0,359
261,0,360
262,0,361
263,0,362
264,0,363
265,0,364
266,0,365
267,0,366
268,0,367
269,0,368
270,0,369
271,0,370
272,0,371
273,0,372
274,0,373
275,0,374
276,0,375
277,0,376
278,0,377
279,0,378
280,0,379
281,0,380
282,0,381
283,0,382
284,0,383
285,0,384
286,0,385
287,0,386
288,0,387
289,0,388
290,0,389
291,0,390
292,0,391
293,0,392
294,0,393
295,0,394
296,0,395
297,0,396
298,0,397
299,0,398
300,0,399
301,0,400
302,0,401
303,0,402
304,0,403
305,0,404
306,0,405
307,0,406
308,0,407
309,0,408
310,0,409
311,0,410
312,0,411
313,0,412
314,0,413
315,0,414
316,0,415
317,0,416
318,0,417
319,0,418
320,0,419
321,0,420
322,0,421
323,0,422
324,0,423
325,0,424
326,0,425
327,0,426
328,0,427
329,0,428
330,0,429
331,0,430
332,0,431
333,0,432
334,0,433
335,0,434
336,0,435
337,0,436
338,0,437
339,0,438
340,0,439
341,0,440
342,0,441
343,0,442
344,0,443
345,0,444
346,0,445
347,0,446
348,0,447
349,0,448
350,0,449
351,0,450
352,0,451
353,0,452
354,0,453
355,0,454
356,0,455
357,0,456
358,0,457
359,0,458
360,0,459
361,0,460
362,0,461
363,0,462
364,0,463
365,0,464
366,0,465
367,0,466
368,0,467
369,0,468
370,0,469
371,0,470
372,0,471
373,0,472
374,0,473
375,0,474
376,0,475
377,0,476
378,0,477
379,0,478
380,0,479
381,0,480
382,0,481
383,0,482
384,0,483
385,0,484
386,0,485
387,0,486
388,0,487
389,0,488
390,0,489
391,0,490
392,0,491
393,0,492
394,0,493
395,0,494
396,0,495
397,0,496
398,0,497
399,0,498
400,0,499
401,0,500
402,0,501
403,0,502
404,0,503
405,0,504
406,0,505
407,0,506
408,0,507
409,0,508
410,0,509
411,0,510
412,0,511
413,0,512
414,0,513
415,0,514
416,0,515
417,0,516
418,0,517
419,0,518
420,0,519
421,0,520
422,0,521
423,0,522
424,0,523
425,0,524
426,0,525
427,0,526
428,0,527
429,0,528
430,0,529
431,0,530
432,0,531
433,0,532
434,0,533
435,0,534
436,0,535
437,0,536
438,0,537
439,0,538
440,0,539
441,0,540
442,0,541
443,0,542
444,0,543
445,0,544
446,0,545
447,0,546
448,0,547
449,0,548
450,0,549
451,0,550
452,0,551
453,0,552
454,0,553
455,0,554
456,0,555
457,0,556
458,0,557
459,0,558
460,0,559
461,0,560
462,0,561
463,0,562
464,0,563
465,0,564
466,0,565
467,0,566
468,0,567
469,0,568
470,0,569
471,0,570
472,0,571
473,0,572
474,0,573
475,0,574
476,0,575
477,0,576
478,0,577
479,0,578
480,0,579
481,0,580
482,0,581
483,0,582
484,0,583
485,0,584
486,0,585
487,0,586
488,0,587
489,0,588
490,0,589
491,0,590
492,0,591
493,0,592
494,0,593
495,0,594
496,0,595
497,0,596
498,0,597
499,0,598
500,0,599
501,0,600
502,0,601
503,0,602
504,0,603
505,0,604
506,0,605
507,0,606
508,0,607
509,0,608
510,0,609
511,0,610
512,0,611
513,0,612
514,0,613
515,0,614
516,0,615
517,0,616
518,0,617
519,0,618
520,0,619
521,0,620
522,0,621
523,0,622
524,0,623
525,0,624
526,0,625
527,0,626
528,0,627
529,0,628
530,0,629
531,0,630
532,0,631
533,0,632
534,0,633
535,0,634
536,0,635
537,0,636
538,0,637
539,0,638
540,0,639
541,0,640
542,0,641
543,0,642
544,0,643
545,0,644
546,0,645
547,0,646
548,0,647
549,0,648
550,0,649
551,0,650
552,0,651
553,0,652
554,0,653
555,0,654
556,0,655
557,0,656
558,0,657
559,0,658
560,0,659
561,0,660
562,0,661
563,0,662
564,0,663
565,0,664
566,0,665
567,0,666
568,0,667
569,0,668
570,0,669
571,0,670
572,0,671
573,0,672
574,0,673
575,0,674
576,0,675
577,0,676
578,0,677
579,0,678
580,0,679
581,0,680
582,0,681
583,0,682
584,0,683
585,0,684
586,0,685
587,0,686
588,0,687
589,0,688
590,0,689
591,0,690
592,0,691
593,0,692
594,0,693
595,0,694
596,0,695
597,0,696
598,0,697
599,0,698
600,0,699
601,0,700
602,0,701
603,0,702
604,0,703
605,0,704
606,0,705
607,0,706
608,0,707
609,0,708
610,0,709
611,0,710
612,0,711
613,0,712
614,0,713
615,0,714
616,0,715
617,0,716
618,0,717
619,0,718
620,0,719
621,0,720
622,0,721
623,0,722
624,0,723
625,0,724
626,0,725
627,0,726
628,0,727
629,0,728
630,0,729
631,0,730
632,0,731
633,0,732
634,0,733
635,0,734
636,0,735
637,0,736
638,0,737
639,0,738
640,0,739
641,0,740
642,0,741
643,0,742
644,0,743
645,0,744
646,0,745
647,0,746
648,0,747
649,0,748
650,0,749
651,0,750
652,0,751
653,0,752
654,0,753
655,0,754
656,0,755
657,0,756
658,0,757
659,0,758
660,0,759
661,0,760
662,0,761
663,0,762
664,0,763
665,0,764
666,0,765
667,0,766
668,0,767
669,0,768
670,0,769
671,0,770
672,0,771
673,0,772
674,0,773
675,0,774
676,0,775
677,0,776
678,0,777
679,0,778
680,0,779
681,0,780
682,0,781
683,0,782
684,0,783
685,0,784
686,0,785
687,0,786
688,0,787
689,0,788
690,0,789
691,0,790
692,0,791
693,0,792
694,0,793
695,0,794
696,0,795
697,0,796
698,0,797
699,0,798
700,0,799
701,0,800
702,0,801
703,0,802
704,0,803
705,0,804
706,0,805
707,0,806
708,0,807
709,0,808
710,0,809
711,0,810
712,0,811
713,0,812
714,0,813
715,0,814
716,0,815
717,0,816
718,0,817
719,0,818
720,0,819
721,0,820
722,0,821
723,0,822
724,0,823
725,0,824
726,0,825
727,0,826
728,0,827
729,0,828
730,0,829
731,0,830
732,0,831
733,0,832
734,0,833
735,0,834
736,0,835
737,0,836
738,0,837
739,0,838
740,0,839
741,0,840
742,0,841
743,0,842
744,0,843
745,0,844
746,0,845
747,0,846
748,0,847
749,0,848
750,0,849
751,0,850
752,0,851
753,0,852
754,0,853
755,0,854
756,0,855
757,0,856
758,0,857
759,0,858
760,0,859
761,0,860
762,0,861
763,0,862
764,0,863
765,0,864
766,0,865
767,0,866
768,0,867
769,0,868
770,0,869
771,0,870
772,0,871
773,0,872
774,0,873
775,0,874
776,0,875
777,0,876
778,0,877
779,0,878
780,0,879
781,0,880
782,0,881
783,0,882
784,0,883
785,0,884
786,0,885
787,0,886
788,0,887
789,0,888
790,0,889
791,0,890
792,0,891
793,0,892
794,0,893
795,0,894
796,0,895
797,0,896
798,0,897
799,0,898
800,0,899
801,0,900
802,0,901
803,0,902
804,0,903
805,0,904
806,0,905
807,0,906
808,0,907
809,0,908
810,0,909
811,0,910
812,0,911
813,0,912
814,0,913
815,0,914
816,0,915
817,0,916
818,0,917
819,0,918
820,0,919
821,0,920
822,0,921
823,0,922
824,0,923
825,0,924
826,0,925
827,0,926
828,0,927
829,0,928
830,0,929
831,0,930
832,0,931
833,0,932
834,0,933
835,0,934
836,0,935
837,0,936
838,0,937
839,0,938
840,0,939
841,0,940
842,0,941
843,0,942
844,0,943
845,0,944
846,0,945
847,0,946
848,0,947
849,0,948
850,0,949
851,0,950
852,0,951
853,0,952
854,0,953
855,0,954
856,0,955
857,0,956
858,0,957
859,0,958
860,0,959
861,0,960
862,0,961
863,0,962
864,0,963
865,0,964
866,0,965
867,0,966
868,0,967
869,0,968
870,0,969
871,0,970
872,0,971
873,0,972
874,0,973
875,0,974
876,0,975
877,0,976
878,0,977
879,0,978
880,0,979
881,0,980
882,0,981
883,0,982
884,0,983
885,0,984
886,0,985
887,0,986
888,0,987
889,0,988
890,0,989
891,0,990
892,0,991
893,0,992
894,0,993
895,0,994
896,0,995
897,0,996
898,0,997
899,0,998
900,0,999
901,0,1000
902,0,1001
903,0,1002
904,0,1003
905,0,1004
906,0,1005
907,0,1006
908,0,1007
909,0,1008
910,0,1009
911,0,1010
912,0,1011
913,0,1012
914,0,1013
915,0,1014
916,0,1015
917,0,1016
918,0,1017
919,0,1018
920,0,1019
921,0,1020
922,0,1021
923,0,1022
924,0,1023
925,0,1024
926,0,1025
927,0,1026
928,0,1027
929,0,1028
930,0,1029
931,0,1030
932,0,1031
933,0,1032
934,0,1033
935,0,1034
936,0,1035
937,0,1036
938,0,1037
939,0,1038
940,0,1039
941,0,1040
942,0,1041
943,0,1042
944,0,1043
945,0,1044
946,0,1045
947,0,1046
948,0,1047
949,0,1048
950,0,1049
951,0,1050
952,0,1051
953,0,1052
954,0,1053
955,0,1054
956,0,1055
957,0,1056
958,0,1057
959,0,1058
960,0,1059
961,0,1060
962,0,1061
963,0,1062
964,0,1063
965,0,1064
966,0,1065
967,0,1066
968,0,1067
969,0,1068
970,0,1069
971,0,1070
972,0,1071
973,0,1072
974,0,1073
975,0,1074
976,0,1075
977,0,1076
978,0,1077
979,0,1078
980,0,1079
981,0,1080
982,0,1081
983,0,1082
984,0,1083
985,0,1084
986,0,1085
987,0,1086
988,0,1088
989,0,1089
990,0,1090
991,0,1091
992,0,1092
993,0,1093
994,0,1094
995,0,1095
996,0,1096
997,0,1097
998,0,1098
999,0,1099
1000,0,1100
1001,0,1101
1002,0,1102
1003,0,1103
1004,0,1104
1005,0,1105
1006,0,1106
1007,0,1107
1008,0,1109
1009,0,1110
1010,0,1111
1011,0,1112
1012,0,1113
1013,0,1114
1014,0,1115
1015,0,1116
1016,0,1117
1017,0,1118
1018,0,1119
1019,0,1120
1020,0,1121
1021,0,1122
1022,0,1124
1023,0,1125
1024,0,1126
1025,0,1127
1026,0,1128
1027,0,1129
1028,0,1130
1029,0,1131
1030,0,1132
1031,0,1133
1032,0,1134
1033,0,1135
1034,0,1137
1035,0,1138
1036,0,1139
1037,0,1140
1038,0,1141
1039,0,1142
1040,0,1143
1041,0,1144
1042,0,1145
1043,0,1146
1044,0,1147
1045,0,1149
1046,0,1150
1047,0,1151
1048,0,1152
1049,0,1153
1050,0,1154
1051,0,1155
1052,0,1156
1053,0,1157
1054,0,1159
1055,0,1160
1056,0,1161
1057,0,1162
1058,0,1163
1059,0,1164
1060,0,1165
1061,0,1166
1062,0,1167
1063,0,1169
1064,0,1170
1065,0,1171
1066,0,1172
1067,0,1173
1068,0,1174
1069,0,1175
1070,0,1176
1071,0,1178
1072,0,1179
1073,0,1180
1074,0,1181
1075,0,1182
1076,0,1183
1077,0,1184
1078,0,1186
1079,0,1187
1080,0,1188
1081,0,1189
1082,0,1190
1083,0,1191
1084,0,1192
1085,0,1193
1086,0,1195
1087,0,1196
1088,0,1197
1089,0,1198
1090,0,1199
1091,0,1200
1092,0,1202
1093,0,1203
1094,0,1204
1095,0,1205
1096,0,1206
1097,0,1207
1098,0,1208
1099,0,1210
1100,0,1211
1101,0,1212
1102,0,1213
1103,0,1214
1104,0,1215
1105,0,1217
1106,0,1218
1107,0,1219
1108,0,1220
1109,0,1221
1110,0,1222
1111,0,1224
1112,0,1225
1113,0,1226
1114,0,1227
1115,0,1228
1116,0,1229
1117,0,1231
1118,0,1232
1119,0,1233
1120,0,1234
1121,0,1235
1122,0,1237
1123,0,1238
1124,0,1239
1125,0,1240
1126,0,1241
1127,0,1243
1128,0,1244
1129,0,1245
1130,0,1246
1131,0,1247
1132,0,1248
1133,0,1250
1134,0,1251
1135,0,1252
1136,0,1253
1137,0,1254
1138,0,1256
1139,0,1257
1140,0,1258
1141,0,1259
1142,0,1261
1143,0,1262
1144,0,1263
1145,0,1264
1146,0,1265
1147,0,1267
1148,0,1268
1149,0,1269
1150,0,1270
1151,0,1271
1152,0,1273
1153,0,1274
1154,0,1275
1155,0,1276
1156,0,1278
1157,0,1279
1158,0,1280
1159,0,1281
1160,0,1282
1161,0,1284
1162,0,1285
1163,0,1286
1164,0,1287
1165,0,1289
1166,0,1290
1167,0,1291
1168,0,1292
1169,0,1294
1170,0,1295
1171,0,1296
1172,0,1297
1173,0,1299
1174,0,1300
1175,0,1301
1176,0,1302
1177,0,1304
1178,0,1305
1179,0,1306
1180,0,1307
1181,0,1309
1182,0,1310
1183,0,1311
1184,0,1312
1185,0,1314
1186,0,1315
1187,0,1316
1188,0,1317
1189,0,1319
1190,0,1320
1191,0,1321
1192,0,1322
1193,0,1324
1194,0,1325
1195,0,1326
1196,0,1327
1197,0,1329
1198,0,1330
1199,0,1331
1200,0,1333
1201,0,1334
1202,0,1335
1203,0,1336
1204,0,1338
1205,0,1339
1206,0,1340
1207,0,1342
1208,0,1343
1209,0,1344
1210,0,1345
1211,0,1347
1212,0,1348
1213,0,1349
1214,0,1351
1215,0,1352
1216,0,1353
1217,0,1354
1218,0,1356
1219,0,1357
1220,0,1358
1221,0,1360
1222,0,1361
1223,0,1362
1224,0,1364
1225,0,1365
1226,0,1366
1227,0,1368
1228,0,1369
1229,0,1370
1230,0,1371
1231,0,1373
1232,0,1374
1233,0,1375
1234,0,1377
1235,0,1378
1236,0,1379
1237,0,1381
1238,0,1382
1239,0,1383
1240,0,1385
1241,0,1386
1242,0,1387
1243,0,1389
1244,0,1390
1245,0,1391
1246,0,1393
1247,0,1394
1248,0,1395
1249,0,1397
1250,0,1398
1251,0,1399
1252,0,1401
1253,0,1402
1254,0,1403
1255,0,1405
1256,0,1406
1257,0,1407
1258,0,1409
1259,0,1410
1260,0,1411
1261,0,1413
1262,0,1414
1263,0,1416
1264,0,1417
1265,0,1418
1266,0,1420
1267,0,1421
1268,0,1422
1269,0,1424
1270,0,1425
1271,0,1426
1272,0,1428
1273,0,1429
1274,0,1431
1275,0,1432
1276,0,1433
1277,0,1435
1278,0,1436
1279,0,1437
1280,0,1439
1281,0,1440
1282,0,1442
1283,0,1443
1284,0,1444
1285,0,1446
1286,0,1447
1287,0,1448
1288,0,1450
1289,0,1451
1290,0,1453
1291,0,1454
1292,0,1455
1293,0,1457
1294,0,1458
1295,0,1460
1296,0,1461
1297,0,1462
1298,0,1464
1299,0,1465
1300,0,1467
1301,0,1468
1302,0,1469
1303,0,1471
1304,0,1472
1305,0,1474
1306,0,1475
1307,0,1477
1308,0,1478
1309,0,1479
1310,0,1481
1311,0,1482
1312,0,1484
1313,0,1485
1314,0,1486
1315,0,1488
1316,0,1489
1317,0,1491
1318,0,1492
1319,0,1494
1320,0,1495
1321,0,1496
1322,0,1498
1323,0,1499
1324,0,1501
1325,0,1502
1326,0,1504
1327,0,1505
1328,0,1507
1329,0,1508
1330,0,1509
1331,0,1511
1332,0,1512
1333,0,1514
1334,0,1515
1335,0,1517
1336,0,1518
1337,0,1520
1338,0,1521
1339,0,1523
1340,0,1524
1341,0,1525
1342,0,1527
1343,0,1528
1344,0,1530
1345,0,1531
1346,0,1533
1347,0,1534
1348,0,1536
1349,0,1537
1350,0,1539
1351,0,1540
1352,0,1542
1353,0,1543
1354,0,1545
1355,0,1546
1356,0,1548
1357,0,1549
1358,0,1551
1359,0,1552
1360,0,1553
1361,0,1555
1362,0,1556
1363,0,1558
1364,0,1559
1365,0,1561
1366,0,1562
1367,0,1564
1368,0,1565
1369,0,1567
1370,0,1568
1371,0,1570
1372,0,1571
1373,0,1573
1374,0,1574
1375,0,1576
1376,0,1578
1377,0,1579
1378,0,1581
1379,0,1582
1380,0,1584
1381,0,1585
1382,0,1587
1383,0,1588
1384,0,1590
1385,0,1591
1386,0,1593
1387,0,1594
1388,0,1596
1389,0,1597
1390,0,1599
1391,0,1600
1392,0,1602
1393,0,1603
1394,0,1605
1395,0,1607
1396,0,1608
1397,0,1610
1398,0,1611
1399,0,1613
1400,0,1614
1401,0,1616
1402,0,1617
1403,0,1619
1404,0,1620
1405,0,1622
1406,0,1624
1407,0,1625
1408,0,1627
1409,0,1628
1410,0,1630
1411,0,1631
1412,0,1633
1413,0,1634
1414,0,1636
1415,0,1638
1416,0,1639
1417,0,1641
1418,0,1642
1419,0,1644
1420,0,1645
1421,0,1647
1422,0,1649
1423,0,1650
1424,0,1652
1425,0,1653
1426,0,1655
1427,0,1657
1428,0,1658
1429,0,1660
1430,0,1661
1431,0,1663
1432,0,1665
1433,0,1666
1434,0,1668
1435,0,1669
1436,0,1671
1437,0,1673
1438,0,1674
1439,0,1676
1440,0,1677
1441,0,1679
1442,0,1681
1443,0,1682
1444,0,1684
1445,0,1685
1446,0,1687
1447,0,1689
1448,0,1690
1449,0,1692
1450,0,1693
1451,0,1695
1452,0,1697
1453,0,1698
1454,0,1700
1455,0,1702
1456,0,1703
1457,0,1705
1458,0,1707
1459,0,1708
1460,0,1710
1461,0,1711
1462,0,1713
1463,0,1715
1464,0,1716
1465,0,1718
1466,0,1720
1467,0,1721
1468,0,1723
1469,0,1725
1470,0,1726
1471,0,1728
1472,0,1730
1473,0,1731
1474,0,1733
1475,0,1735
1476,0,1736
1477,0,1738
1478,0,1740
1479,0,1741
1480,0,1743
1481,0,1745
1482,0,1746
1483,0,1748
1484,0,1750
1485,0,1751
1486,0,1753
1487,0,1755
1488,0,1756
1489,0,1758
1490,0,1760
1491,0,1761
1492,0,1763
1493,0,1765
1494,0,1766
1495,0,1768
1496,0,1770
1497,0,1772
1498,0,1773
1499,0,1775
1500,0,1777
1501,0,1778
1502,0,1780
1503,0,1782
1504,0,1783
1505,0,1785
1506,0,1787
1507,0,1789
1508,0,1790
1509,0,1792
1510,0,1794
1511,0,1795
1512,0,1797
1513,0,1799
1514,0,1801
1515,0,1802
1516,0,1804
1517,0,1806
1518,0,1808
1519,0,1809
1520,0,1811
1521,0,1813
1522,0,1815
1523,0,1816
1524,0,1818
1525,0,1820
1526,0,1821
1527,0,1823
1528,0,1825
1529,0,1827
1530,0,1828
1531,0,1830
1532,0,1832
1533,0,1834
1534,0,1835
1535,0,1837
1536,0,1839
1537,0,1841
1538,0,1843
1539,0,1844
1540,0,1846
1541,0,1848
1542,0,1850
1543,0,1851
1544,0,1853
1545,0,1855
1546,0,1857
1547,0,1859
1548,0,1860
1549,0,1862
1550,0,1864
1551,0,1866
1552,0,1867
1553,0,1869
1554,0,1871
1555,0,1873
1556,0,1875
1557,0,1876
1558,0,1878
1559,0,1880
1560,0,1882
1561,0,1884
1562,0,1885
1563,0,1887
1564,0,1889
1565,0,1891
1566,0,1893
1567,0,1894
1568,0,1896
1569,0,1898
1570,0,1900
1571,0,1902
1572,0,1904
1573,0,1905
1574,0,1907
1575,0,1909
1576,0,1911
1577,0,1913
1578,0,1915
1579,0,1916
1580,0,1918
1581,0,1920
1582,0,1922
1583,0,1924
1584,0,1926
1585,0,1927
1586,0,1929
1587,0,1931
1588,0,1933
1589,0,1935
1590,0,1937
1591,0,1939
1592,0,1940
1593,0,1942
1594,0,1944
1595,0,1946
1596,0,1948
1597,0,1950
1598,0,1952
1599,0,1954
1600,0,1955
1601,0,1957
1602,0,1959
1603,0,1961
1604,0,1963
1605,0,1965
1606,0,1967
1607,0,1969
1608,0,1970
1609,0,1972
1610,0,1974
1611,0,1976
1612,0,1978
1613,0,1980
1614,0,1982
1615,0,1984
1616,0,1986
1617,0,1988
1618,0,1989
1619,0,1991
1620,0,1993
1621,0,1995
1622,0,1997
1623,0,1999
1624,0,2001
1625,0,2003
1626,0,2005
1627,0,2007
1628,0,2009
1629,0,2011
1630,0,2012
1631,0,2014
1632,0,2016
1633,0,2018
1634,0,2020
1635,0,2022
1636,0,2024
1637,0,2026
1638,0,2028
1639,0,2030
1640,0,2032
1641,0,2034
1642,0,2036
1643,0,2038
1644,0,2040
1645,0,2042
1646,0,2044
1647,0,2046
1648,0,2047
1649,0,2049
1650,0,2051
1651,0,2053
1652,0,2055
1653,0,2057
1654,0,2059
1655,0,2061
1656,0,2063
1657,0,2065
1658,0,2067
1659,0,2069
1660,0,2071
1661,0,2073
1662,0,2075
1663,0,2077
1664,0,2079
1665,0,2081
1666,0,2083
1667,0,2085
1668,0,2087
1669,0,2089
1670,0,2091
1671,0,2093
1672,0,2095
1673,0,2097
1674,0,2099
1675,0,2101
1676,0,2103
1677,0,2105
1678,0,2107
1679,0,2109
1680,0,2111
1681,0,2113
1682,0,2115
1683,0,2117
1684,0,2119
1685,0,2121
1686,0,2123
1687,0,2125
1688,0,2128
1689,0,2130
1690,0,2132
1691,0,2134
1692,0,2136
1693,0,2138
1694,0,2140
1695,0,2142
1696,0,2144
1697,0,2146
1698,0,2148
1699,0,2150
1700,0,2152
1701,0,2154
1702,0,2156
1703,0,2158
1704,0,2160
1705,0,2162
1706,0,2165
1707,0,2167
1708,0,2169
1709,0,2171
1710,0,2173
1711,0,2175
1712,0,2177
1713,0,2179
1714,0,2181
1715,0,2183
1716,0,2185
1717,0,2187
1718,0,2190
1719,0,2192
1720,0,2194
1721,0,2196
1722,0,2198
1723,0,2200
1724,0,2202
1725,0,2204
1726,0,2206
1727,0,2209
1728,0,2211
1729,0,2213
1730,0,2215
1731,0,2217
1732,0,2219
1733,0,2221
1734,0,2223
1735,0,2226
1736,0,2228
1737,0,2230
1738,0,2232
1739,0,2234
1740,0,2236
1741,0,2238
1742,0,2241
1743,0,2243
1744,0,2245
1745,0,2247
1746,0,2249
1747,0,2251
1748,0,2253
1749,0,2256
1750,0,2258
1751,0,2260
1752,0,2262
1753,0,2264
1754,0,2266
1755,0,2269
1756,0,2271
1757,0,2273
1758,0,2275
1759,0,2277
1760,0,2280
1761,0,2282
1762,0,2284
1763,0,2286
1764,0,2288
1765,0,2290
1766,0,2293
1767,0,2295
1768,0,2297
1769,0,2299
1770,0,2301
1771,0,2304
1772,0,2306
1773,0,2308
1774,0,2310
1775,0,2313
1776,0,2315
1777,0,2317
1778,0,2319
1779,0,2321
1780,0,2324
1781,0,2326
1782,0,2328
1783,0,2330
1784,0,2333
1785,0,2335
1786,0,2337
1787,0,2339
1788,0,2342
1789,0,2344
1790,0,2346
1791,0,2348
1792,0,2351
1793,0,2353
1794,0,2355
1795,0,2357
1796,0,2360
1797,0,2362
1798,0,2364
1799,0,2366
1800,0,2369
1801,0,2371
1802,0,2373
1803,0,2375
1804,0,2378
1805,0,2380
1806,0,2382
1807,0,2385
1808,0,2387
1809,0,2389
1810,0,2391
1811,0,2394
1812,0,2396
1813,0,2398
1814,0,2401
1815,0,2403
1816,0,2405
1817,0,2408
1818,0,2410
1819,0,2412
1820,0,2415
1821,0,2417
1822,0,2419
1823,0,2421
1824,0,2424
1825,0,2426
1826,0,2428
1827,0,2431
1828,0,2433
1829,0,2435
1830,0,2438
1831,0,2440
1832,0,2442
1833,0,2445
1834,0,2447
1835,0,2449
1836,0,2452
1837,0,2454
1838,0,2457
1839,0,2459
1840,0,2461
1841,0,2464
1842,0,2466
1843,0,2468
1844,0,2471
1845,0,2473
1846,0,2475
1847,0,2478
1848,0,2480
1849,0,2483
1850,0,2485
1851,0,2487
1852,0,2490
1853,0,2492
1854,0,2494
1855,0,2497
1856,0,2499
1857,0,2502
1858,0,2504
1859,0,2506
1860,0,2509
1861,0,2511
1862,0,2514
1863,0,2516
1864,0,2519
1865,0,2521
1866,0,2523
1867,0,2526
1868,0,2528
1869,0,2531
1870,0,2533
1871,0,2535
1872,0,2538
1873,0,2540
1874,0,2543
1875,0,2545
1876,0,2548
1877,0,2550
1878,0,2553
1879,0,2555
1880,0,2557
1881,0,2560
1882,0,2562
1883,0,2565
1884,0,2567
1885,0,2570
1886,0,2572
1887,0,2575
1888,0,2577
1889,0,2580
1890,0,2582
1891,0,2585
1892,0,2587
1893,0,2590
1894,0,2592
1895,0,2594
1896,0,2597
1897,0,2599
1898,0,2602
1899,0,2604
1900,0,2607
1901,0,2609
1902,0,2612
1903,0,2614
1904,0,2617
1905,0,2619
1906,0,2622
1907,0,2625
1908,0,2627
1909,0,2630
1910,0,2632
1911,0,2635
1912,0,2637
1913,0,2640
1914,0,2642
1915,0,2645
1916,0,2647
1917,0,2650
1918,0,2652
1919,0,2655
1920,0,2657
1921,0,2660
1922,0,2663
1923,0,2665
1924,0,2668
1925,0,2670
1926,0,2673
1927,0,2675
1928,0,2678
1929,0,2680
1930,0,2683
1931,0,2686
1932,0,2688
1933,0,2691
1934,0,2693
1935,0,2696
1936,0,2699
1937,0,2701
1938,0,2704
1939,0,2706
1940,0,2709
1941,0,2711
1942,0,2714
1943,0,2717
1944,0,2719
1945,0,2722
1946,0,2724
1947,0,2727
1948,0,2730
1949,0,2732
1950,0,2735
1951,0,2738
1952,0,2740
1953,0,2743
1954,0,2745
1955,0,2748
1956,0,2751
1957,0,2753
1958,0,2756
1959,0,2759
1960,0,2761
1961,0,2764
1962,0,2767
1963,0,2769
1964,0,2772
1965,0,2775
1966,0,2777
1967,0,2780
1968,0,2783
1969,0,2785
1970,0,2788
1971,0,2791
1972,0,2793
1973,0,2796
1974,0,2799
1975,0,2801
1976,0,2804
1977,0,2807
1978,0,2809
1979,0,2812
1980,0,2815
1981,0,2817
1982,0,2820
1983,0,2823
1984,0,2826
1985,0,2828
1986,0,2831
1987,0,2834
1988,0,2836
1989,0,2839
1990,0,2842
1991,0,2845
1992,0,2847
1993,0,2850
1994,0,2853
1995,0,2856
1996,0,2858
1997,0,2861
1998,0,2864
1999,0,2867
2000,0,2869
2001,0,2872
2002,0,2875
2003,0,2878
2004,0,2880
2005,0,2883
2006,0,2886
2007,0,2889
2008,0,2891
2009,0,2894
2010,0,2897
2011,0,2900
2012,0,2902
2013,0,2905
2014,0,2908
2015,0,2911
2016,0,2914
2017,0,2916
2018,0,2919
2019,0,2922
2020,0,2925
2021,0,2928
2022,0,2930
2023,0,2933
2024,0,2936
2025,0,2939
2026,0,2942
2027,0,2944
2028,0,2947
2029,0,2950
2030,0,2953
2031,0,2956
2032,0,2959
2033,0,2961
2034,0,2964
2035,0,2967
2036,0,2970
2037,0,2973
2038,0,2976
2039,0,2979
2040,0,2981
2041,0,2984
2042,0,2987
2043,0,2990
2044,0,2993
2045,0,2996
2046,0,2999
2047,0,3001
2048,0,3004
2049,0,3007
2050,0,3010
2051,0,3013
2052,0,3016
2053,0,3019
2054,0,3022
2055,0,3025
2056,0,3027
2057,0,3030
2058,0,3033
2059,0,3036
2060,0,3039
2061,0,3042
2062,0,3045
2063,0,3048
2064,0,3051
2065,0,3054
2066,0,3057
2067,0,3060
2068,0,3063
2069,0,3065
2070,0,3068
2071,0,3071
2072,0,3074
2073,0,3077
2074,0,3080
2075,0,3083
2076,0,3086
2077,0,3089
2078,0,3092
2079,0,3095
2080,0,3098
2081,0,3101
2082,0,3104
2083,0,3107
2084,0,3110
2085,0,3113
2086,0,3116
2087,0,3119
2088,0,3122
2089,0,3125
2090,0,3128
2091,0,3131
2092,0,3134
2093,0,3137
2094,0,3140
2095,0,3143
2096,0,3146
2097,0,3149
2098,0,3152
2099,0,3155
2100,0,3158
2101,0,3161
2102,0,3164
2103,0,3167
2104,0,3170
2105,0,3173
2106,0,3176
2107,0,3179
2108,0,3182
2109,0,3185
2110,0,3188
2111,0,3191
2112,0,3194
2113,0,3198
2114,0,3201
2115,0,3204
2116,0,3207
2117,0,3210
2118,0,3213
2119,0,3216
2120,0,3219
2121,0,3222
2122,0,3225
2123,0,3228
2124,0,3231
2125,0,3235
2126,0,3238
2127,0,3241
2128,0,3244
2129,0,3247
2130,0,3250
2131,0,3253
2132,0,3256
2133,0,3259
2134,0,3263
2135,0,3266
2136,0,3269
2137,0,3272
2138,0,3275
2139,0,3278
2140,0,3281
2141,0,3285
2142,0,3288
2143,0,3291
2144,0,3294
2145,0,3297
2146,0,3300
2147,0,3303
2148,0,3307
2149,0,3310
2150,0,3313
2151,0,3316
2152,0,3319
2153,0,3323
2154,0,3326
2155,0,3329
2156,0,3332
2157,0,3335
2158,0,3338
2159,0,3342
2160,0,3345
2161,0,3348
2162,0,3351
2163,0,3355
2164,0,3358
2165,0,3361
2166,0,3364
2167,0,3367
2168,0,3371
2169,0,3374
2170,0,3377
2171,0,3380
2172,0,3384
2173,0,3387
2174,0,3390
2175,0,3393
2176,0,3397
2177,0,3400
2178,0,3403
2179,0,3406
2180,0,3410
2181,0,3413
2182,0,3416
2183,0,3419
2184,0,3423
2185,0,3426
2186,0,3429
2187,0,3433
2188,0,3436
2189,0,3439
2190,0,3442
2191,0,3446
2192,0,3449
2193,0,3452
2194,0,3456
2195,0,3459
2196,0,3462
2197,0,3466
2198,0,3469
2199,0,3472
2200,0,3476
2201,0,3479
2202,0,3482
2203,0,3486
2204,0,3489
2205,0,3492
2206,0,3496
2207,0,3499
2208,0,3502
2209,0,3506
2210,0,3509
2211,0,3513
2212,0,3516
2213,0,3519
2214,0,3523
2215,0,3526
2216,0,3529
2217,0,3533
2218,0,3536
2219,0,3540
2220,0,3543
2221,0,3546
2222,0,3550
2223,0,3553
2224,0,3557
2225,0,3560
2226,0,3563
2227,0,3567
2228,0,3570
2229,0,3574
2230,0,3577
2231,0,3580
2232,0,3584
2233,0,3587
2234,0,3591
2235,0,3594
2236,0,3598
2237,0,3601
2238,0,3605
2239,0,3608
2240,0,3612
2241,0,3615
2242,0,3618
2243,0,3622
2244,0,3625
2245,0,3629
2246,0,3632
2247,0,3636
2248,0,3639
2249,0,3643
2250,0,3646
2251,0,3650
2252,0,3653
2253,0,3657
2254,0,3660
2255,0,3664
2256,0,3667
2257,0,3671
2258,0,3674
2259,0,3678
2260,0,3681
2261,0,3685
2262,0,3689
2263,0,3692
2264,0,3696
2265,0,3699
2266,0,3703
2267,0,3706
2268,0,3710
2269,0,3713
2270,0,3717
2271,0,3720
2272,0,3724
2273,0,3728
2274,0,3731
2275,0,3735
2276,0,3738
2277,0,3742
2278,0,3746
2279,0,3749
2280,0,3753
2281,0,3756
2282,0,3760
2283,0,3764
2284,0,3767
2285,0,3771
2286,0,3774
2287,0,3778
2288,0,3782
2289,0,3785
2290,0,3789
2291,0,3792
2292,0,3796
2293,0,3800
2294,0,3803
2295,0,3807
2296,0,3811
2297,0,3814
2298,0,3818
2299,0,3822
2300,0,3825
2301,0,3829
2302,0,3833
2303,0,3836
2304,0,3840
2305,0,3844
2306,0,3847
2307,0,3851
2308,0,3855
2309,0,3858
2310,0,3862
2311,0,3866
2312,0,3870
2313,0,3873
2314,0,3877
2315,0,3881
2316,0,3884
2317,0,3888
2318,0,3892
2319,0,3896
2320,0,3899
2321,0,3903
2322,0,3907
2323,0,3911
2324,0,3914
2325,0,3918
2326,0,3922
2327,0,3926
2328,0,3929
2329,0,3933
2330,0,3937
2331,0,3941
2332,0,3945
2333,0,3948
2334,0,3952
2335,0,3956
2336,0,3960
2337,0,3963
2338,0,3967
2339,0,3971
2340,0,3975
2341,0,3979
2342,0,3983
2343,0,3986
2344,0,3990
2345,0,3994
2346,0,3998
2347,0,4002
2348,0,4005
2349,0,4009
2350,0,4013
2351,0,4017
2352,0,4021
2353,0,4025
2354,0,4029
2355,0,4032
2356,0,4036
2357,0,4040
2358,0,4044
2359,0,4048
2360,0,4052
2361,0,4056
2362,0,4060
2363,0,4064
2364,0,4067
2365,0,4071
2366,0,4075
2367,0,4079
2368,0,4083
2369,0,4087
2370,0,4091
2371,0,4095
2372,0,4099
2373,0,4103
2374,0,4107
2375,0,4111
2376,0,4114
2377,0,4118
2378,0,4122
2379,0,4126
2380,0,4130
2381,0,4134
2382,0,4138
2383,0,4142
2384,0,4146
2385,0,4150
2386,0,4154
2387,0,4158
2388,0,4162
2389,0,4166
2390,0,4170
2391,0,4174
2392,0,4178
2393,0,4182
2394,0,4186
2395,0,4190
2396,0,4194
2397,0,4198
2398,0,4202
2399,0,4206
2400,0,4210
2401,0,4214
2402,0,4218
2403,0,4222
2404,0,4226
2405,0,4230
2406,0,4235
2407,0,4239
2408,0,4243
2409,0,4247
2410,0,4251
2411,0,4255
2412,0,4259
2413,0,4263
2414,0,4267
2415,0,4271
2416,0,4275
2417,0,4279
2418,0,4284
2419,0,4288
2420,0,4292
2421,0,4296
2422,0,4300
2423,0,4304
2424,0,4308
2425,0,4312
2426,0,4316
2427,0,4321
2428,0,4325
2429,0,4329
2430,0,4333
2431,0,4337
2432,0,4341
2433,0,4346
2434,0,4350
2435,0,4354
2436,0,4358
2437,0,4362
2438,0,4366
2439,0,4371
2440,0,4375
2441,0,4379
2442,0,4383
2443,0,4387
2444,0,4392
2445,0,4396
2446,0,4400
2447,0,4404
2448,0,4408
2449,0,4413
2450,0,4417
2451,0,4421
2452,0,4425
2453,0,4430
2454,0,4434
2455,0,4438
2456,0,4442
2457,0,4447
2458,0,4451
2459,0,4455
2460,0,4459
2461,0,4464
2462,0,4468
2463,0,4472
2464,0,4477
2465,0,4481
2466,0,4485
2467,0,4490
2468,0,4494
2469,0,4498
2470,0,4502
2471,0,4507
2472,0,4511
2473,0,4515
2474,0,4520
2475,0,4524
2476,0,4528
2477,0,4533
2478,0,4537
2479,0,4541
2480,0,4546
2481,0,4550
2482,0,4555
2483,0,4559
2484,0,4563
2485,0,4568
2486,0,4572
2487,0,4576
2488,0,4581
2489,0,4585
2490,0,4590
2491,0,4594
2492,0,4598
2493,0,4603
2494,0,4607
2495,0,4612
2496,0,4616
2497,0,4621
2498,0,4625
2499,0,4629
2500,0,4634
2501,0,4638
2502,0,4643
2503,0,4647
2504,0,4652
2505,0,4656
2506,0,4661
2507,0,4665
2508,0,4669
2509,0,4674
2510,0,4678
2511,0,4683
2512,0,4687
2513,0,4692
2514,0,4696
2515,0,4701
2516,0,4705
2517,0,4710
2518,0,4714
2519,0,4719
2520,0,4724
2521,0,4728
2522,0,4733
2523,0,4737
2524,0,4742
2525,0,4746
2526,0,4751
2527,0,4755
2528,0,4760
2529,0,4764
2530,0,4769
2531,0,4774
2532,0,4778
2533,0,4783
2534,0,4787
2535,0,4792
2536,0,4797
2537,0,4801
2538,0,4806
2539,0,4810
2540,0,4815
2541,0,4820
2542,0,4824
2543,0,4829
2544,0,4833
2545,0,4838
2546,0,4843
2547,0,4847
2548,0,4852
2549,0,4857
2550,0,4861
2551,0,4866
2552,0,4871
2553,0,4875
2554,0,4880
2555,0,4885
2556,0,4889
2557,0,4894
2558,0,4899
2559,0,4903
2560,0,4908
2561,0,4913
2562,0,4918
2563,0,4922
2564,0,4927
2565,0,4932
2566,0,4936
2567,0,4941
2568,0,4946
2569,0,4951
2570,0,4955
2571,0,4960
2572,0,4965
2573,0,4970
2574,0,4974
2575,0,4979
2576,0,4984
2577,0,4989
2578,0,4994
2579,0,4998
2580,0,5003
2581,0,5008
2582,0,5013
2583,0,5018
2584,0,5022
2585,0,5027
2586,0,5032
2587,0,5037
2588,0,5042
2589,0,5047
2590,0,5051
2591,0,5056
2592,0,5061
2593,0,5066
2594,0,5071
2595,0,5076
2596,0,5081
2597,0,5085
2598,0,5090
2599,0,5095
2600,0,5100
2601,0,5105
2602,0,5110
2603,0,5115
2604,0,5120
2605,0,5125
2606,0,5129
2607,0,5134
2608,0,5139
2609,0,5144
2610,0,5149
2611,0,5154
2612,0,5159
2613,0,5164
2614,0,5169
2615,0,5174
2616,0,5179
2617,0,5184
2618,0,5189
2619,0,5194
2620,0,5199
2621,0,5204
2622,0,5209
2623,0,5214
2624,0,5219
2625,0,5224
2626,0,5229
2627,0,5234
2628,0,5239
2629,0,5244
2630,0,5249
2631,0,5254
2632,0,5259
2633,0,5264
2634,0,5269
2635,0,5274
2636,0,5279
2637,0,5284
2638,0,5289
2639,0,5294
2640,0,5299
2641,0,5304
2642,0,5310
2643,0,5315
2644,0,5320
2645,0,5325
2646,0,5330
2647,0,5335
2648,0,5340
2649,0,5345
2650,0,5350
2651,0,5356
2652,0,5361
2653,0,5366
2654,0,5371
2655,0,5376
2656,0,5381
2657,0,5386
2658,0,5392
2659,0,5397
2660,0,5402
2661,0,5407
2662,0,5412
2663,0,5418
2664,0,5423
2665,0,5428
2666,0,5433
2667,0,5438
2668,0,5444
2669,0,5449
2670,0,5454
2671,0,5459
2672,0,5464
2673,0,5470
2674,0,5475
2675,0,5480
2676,0,5485
2677,0,5491
2678,0,5496
2679,0,5501
2680,0,5507
2681,0,5512
2682,0,5517
2683,0,5522
2684,0,5528
2685,0,5533
2686,0,5538
2687,0,5544
2688,0,5549
2689,0,5554
2690,0,5560
2691,0,5565
2692,0,5570
2693,0,5576
2694,0,5581
2695,0,5586
2696,0,5592
2697,0,5597
2698,0,5602
2699,0,5608
2700,0,5613
2701,0,5619
2702,0,5624
2703,0,5629
2704,0,5635
2705,0,5640
2706,0,5646
2707,0,5651
2708,0,5656
2709,0,5662
2710,0,5667
2711,0,5673
2712,0,5678
2713,0,5684
2714,0,5689
2715,0,5694
2716,0,5700
2717,0,5705
2718,0,5711
2719,0,5716
2720,0,5722
2721,0,5727
2722,0,5733
2723,0,5738
2724,0,5744
2725,0,5749
2726,0,5755
2727,0,5760
2728,0,5766
2729,0,5771
2730,0,5777
2731,0,5782
2732,0,5788
2733,0,5794
2734,0,5799
2735,0,5805
2736,0,5810
2737,0,5816
2738,0,5821
2739,0,5827
2740,0,5833
2741,0,5838
2742,0,5844
2743,0,5849
2744,0,5855
2745,0,5861
2746,0,5866
2747,0,5872
2748,0,5877
2749,0,5883
2750,0,5889
2751,0,5894
2752,0,5900
2753,0,5906
2754,0,5911
2755,0,5917
2756,0,5923
2757,0,5928
2758,0,5934
2759,0,5940
2760,0,5945
2761,0,5951
2762,0,5957
2763,0,5963
2764,0,5968
2765,0,5974
2766,0,5980
2767,0,5986
2768,0,5991
2769,0,5997
2770,0,6003
2771,0,6009
2772,0,6014
2773,0,6020
2774,0,6026
2775,0,6032
2776,0,6037
2777,0,6043
2778,0,6049
2779,0,6055
2780,0,6061
2781,0,6066
2782,0,6072
2783,0,6078
2784,0,6084
2785,0,6090
2786,0,6096
2787,0,6101
2788,0,6107
2789,0,6113
2790,0,6119
2791,0,6125
2792,0,6131
2793,0,6137
2794,0,6142
2795,0,6148
2796,0,6154
2797,0,6160
2798,0,6166
2799,0,6172
2800,0,6178
2801,0,6184
2802,0,6190
2803,0,6196
2804,0,6202
2805,0,6208
2806,0,6214
2807,0,6220
2808,0,6225
2809,0,6231
2810,0,6237
2811,0,6243
2812,0,6249
2813,0,6255
2814,0,6261
2815,0,6267
2816,0,6273
2817,0,6279
2818,0,6285
2819,0,6291
2820,0,6298
2821,0,6304
2822,0,6310
2823,0,6316
2824,0,6322
2825,0,6328
2826,0,6334
2827,0,6340
2828,0,6346
2829,0,6352
2830,0,6358
2831,0,6364
2832,0,6370
2833,0,6376
2834,0,6383
2835,0,6389
2836,0,6395
2837,0,6401
2838,0,6407
2839,0,6413
2840,0,6419
2841,0,6426
2842,0,6432
2843,0,6438
2844,0,6444
2845,0,6450
2846,0,6456
2847,0,6463
2848,0,6469
2849,0,6475
2850,0,6481
2851,0,6487
2852,0,6494
2853,0,6500
2854,0,6506
2855,0,6512
2856,0,6519
2857,0,6525
2858,0,6531
2859,0,6537
2860,0,6544
2861,0,6550
2862,0,6556
2863,0,6563
2864,0,6569
2865,0,6575
2866,0,6581
2867,0,6588
2868,0,6594
2869,0,6600
2870,0,6607
2871,0,6613
2872,0,6619
2873,0,6626
2874,0,6632
2875,0,6638
2876,0,6645
2877,0,6651
2878,0,6658
2879,0,6664
2880,0,6670
2881,0,6677
2882,0,6683
2883,0,6690
2884,0,6696
2885,0,6702
2886,0,6709
2887,0,6715
2888,0,6722
2889,0,6728
2890,0,6735
2891,0,6741
2892,0,6748
2893,0,6754
2894,0,6760
2895,0,6767
2896,0,6773
2897,0,6780
2898,0,6786
2899,0,6793
2900,0,6799
2901,0,6806
2902,0,6813
2903,0,6819
2904,0,6826
2905,0,6832
2906,0,6839
2907,0,6845
2908,0,6852
2909,0,6858
2910,0,6865
2911,0,6872
2912,0,6878
2913,0,6885
2914,0,6891
2915,0,6898
2916,0,6905
2917,0,6911
2918,0,6918
2919,0,6924
2920,0,6931
2921,0,6938
2922,0,6944
2923,0,6951
2924,0,6958
2925,0,6964
2926,0,6971
2927,0,6978
2928,0,6984
2929,0,6991
2930,0,6998
2931,0,7005
2932,0,7011
2933,0,7018
2934,0,7025
2935,0,7031
2936,0,7038
2937,0,7045
2938,0,7052
2939,0,7059
2940,0,7065
2941,0,7072
2942,0,7079
2943,0,7086
2944,0,7092
2945,0,7099
2946,0,7106
2947,0,7113
2948,0,7120
2949,0,7127
2950,0,7133
2951,0,7140
2952,0,7147
2953,0,7154
2954,0,7161
2955,0,7168
2956,0,7174
2957,0,7181
2958,0,7188
2959,0,7195
2960,0,7202
2961,0,7209
2962,0,7216
2963,0,7223
2964,0,7230
2965,0,7237
2966,0,7244
2967,0,7251
2968,0,7257
2969,0,7264
2970,0,7271
2971,0,7278
2972,0,7285
2973,0,7292
2974,0,7299
2975,0,7306
2976,0,7313
2977,0,7320
2978,0,7327
2979,0,7334
2980,0,7341
2981,0,7349
2982,0,7356
2983,0,7363
2984,0,7370
2985,0,7377
2986,0,7384
2987,0,7391
2988,0,7398
2989,0,7405
2990,0,7412
2991,0,7419
2992,0,7426
2993,0,7434
2994,0,7441
2995,0,7448
2996,0,7455
2997,0,7462
2998,0,7469
2999,0,7476
3000,0,7484
3001,0,7491
3002,0,7498
3003,0,7505
3004,0,7512
3005,0,7520
3006,0,7527
3007,0,7534
3008,0,7541
3009,0,7548
3010,0,7556
3011,0,7563
3012,0,7570
3013,0,7577
3014,0,7585
3015,0,7592
3016,0,7599
3017,0,7607
3018,0,7614
3019,0,7621
3020,0,7628
3021,0,7636
3022,0,7643
3023,0,7650
3024,0,7658
3025,0,7665
3026,0,7672
3027,0,7680
3028,0,7687
3029,0,7695
3030,0,7702
3031,0,7709
3032,0,7717
3033,0,7724
3034,0,7732
3035,0,7739
3036,0,7746
3037,0,7754
3038,0,7761
3039,0,7769
3040,0,7776
3041,0,7784
3042,0,7791
3043,0,7799
3044,0,7806
3045,0,7813
3046,0,7821
3047,0,7828
3048,0,7836
3049,0,7844
3050,0,7851
3051,0,7859
3052,0,7866
3053,0,7874
3054,0,7881
3055,0,7889
3056,0,7896
3057,0,7904
3058,0,7911
3059,0,7919
3060,0,7927
3061,0,7934
3062,0,7942
3063,0,7949
3064,0,7957
3065,0,7965
3066,0,7972
3067,0,7980
3068,0,7988
3069,0,7995
3070,0,8003
3071,0,8011
3072,0,8018
3073,0,8026
3074,0,8034
3075,0,8041
3076,0,8049
3077,0,8057
3078,0,8065
3079,0,8072
3080,0,8080
3081,0,8088
3082,0,8096
3083,0,8103
3084,0,8111
3085,0,8119
3086,0,8127
3087,0,8135
3088,0,8142
3089,0,8150
3090,0,8158
3091,0,8166
3092,0,8174
3093,0,8181
3094,0,8189
3095,0,8197
3096,0,8205
3097,0,8213
3098,0,8221
3099,0,8229
3100,0,8237
3101,0,8244
3102,0,8252
3103,0,8260
3104,0,8268
3105,0,8276
3106,0,8284
3107,0,8292
3108,0,8300
3109,0,8308
3110,0,8316
3111,0,8324
3112,0,8332
3113,0,8340
3114,0,8348
3115,0,8356
3116,0,8364
3117,0,8372
3118,0,8380
3119,0,8388
3120,0,8396
3121,0,8404
3122,0,8412
3123,0,8420
3124,0,8428
3125,0,8436
3126,0,8444
3127,0,8453
3128,0,8461
3129,0,8469
3130,0,8477
3131,0,8485
3132,0,8493
3133,0,8501
3134,0,8509
3135,0,8518
3136,0,8526
3137,0,8534
3138,0,8542
3139,0,8550
3140,0,8559
3141,0,8567
3142,0,8575
3143,0,8583
3144,0,8591
3145,0,8600
3146,0,8608
3147,0,8616
3148,0,8624
3149,0,8633
3150,0,8641
3151,0,8649
3152,0,8658
3153,0,8666
3154,0,8674
3155,0,8682
3156,0,8691
3157,0,8699
3158,0,8707
3159,0,8716
3160,0,8724
3161,0,8733
3162,0,8741
3163,0,8749
3164,0,8758
3165,0,8766
3166,0,8775
3167,0,8783
3168,0,8791
3169,0,8800
3170,0,8808
3171,0,8817
3172,0,8825
3173,0,8834
3174,0,8842
3175,0,8851
3176,0,8859
3177,0,8868
3178,0,8876
3179,0,8885
3180,0,8893
3181,0,8902
3182,0,8910
3183,0,8919
3184,0,8927
3185,0,8936
3186,0,8944
3187,0,8953
3188,0,8962
3189,0,8970
3190,0,8979
3191,0,8987
3192,0,8996
3193,0,9005
3194,0,9013
3195,0,9022
3196,0,9031
3197,0,9039
3198,0,9048
3199,0,9057
3200,0,9065
3201,0,9074
3202,0,9083
3203,0,9091
3204,0,9100
3205,0,9109
3206,0,9118
3207,0,9126
3208,0,9135
3209,0,9144
3210,0,9153
3211,0,9161
3212,0,9170
3213,0,9179
3214,0,9188
3215,0,9197
3216,0,9205
3217,0,9214
3218,0,9223
3219,0,9232
3220,0,9241
3221,0,9250
3222,0,9258
3223,0,9267
3224,0,9276
3225,0,9285
3226,0,9294
3227,0,9303
3228,0,9312
3229,0,9321
3230,0,9330
3231,0,9339
3232,0,9348
3233,0,9357
3234,0,9366
3235,0,9375
3236,0,9384
3237,0,9393
3238,0,9402
3239,0,9411
3240,0,9420
3241,0,9429
3242,0,9438
3243,0,9447
3244,0,9456
3245,0,9465
3246,0,9474
3247,0,9483
3248,0,9492
3249,0,9501
3250,0,9510
3251,0,9519
3252,0,9529
3253,0,9538
3254,0,9547
3255,0,9556
3256,0,9565
3257,0,9574
3258,0,9584
3259,0,9593
3260,0,9602
3261,0,9611
3262,0,9620
3263,0,9630
3264,0,9639
3265,0,9648
3266,0,9657
3267,0,9667
3268,0,9676
3269,0,9685
3270,0,9694
3271,0,9704
3272,0,9713
3273,0,9722
3274,0,9732
3275,0,9741
3276,0,9750
3277,0,9760
3278,0,9769
3279,0,9778
3280,0,9788
3281,0,9797
3282,0,9807
3283,0,9816
3284,0,9825
3285,0,9835
3286,0,9844
3287,0,9854
3288,0,9863
3289,0,9873
3290,0,9882
3291,0,9892
3292,0,9901
3293,0,9911
3294,0,9920
3295,0,9930
3296,0,9939
3297,0,9949
3298,0,9958
3299,0,9968
3300,0,9977
3301,0,9987
3302,0,9996
3303,0,10006
3304,0,10016
3305,0,10025
3306,0,10035
3307,0,10044
3308,0,10054
3309,0,10064
3310,0,10073
3311,0,10083
3312,0,10093
3313,0,10102
3314,0,10112
3315,0,10122
3316,0,10132
3317,0,10141
3318,0,10151
3319,0,10161
3320,0,10170
3321,0,10180
3322,0,10190
3323,0,10200
3324,0,10210
3325,0,10219
3326,0,10229
3327,0,10239
3328,0,10249
3329,0,10259
3330,0,10268
3331,0,10278
3332,0,10288
3333,0,10298
3334,0,10308
3335,0,10318
3336,0,10328
3337,0,10338
3338,0,10347
3339,0,10357
3340,0,10367
3341,0,10377
3342,0,10387
3343,0,10397
3344,0,10407
3345,0,10417
3346,0,10427
3347,0,10437
3348,0,10447
3349,0,10457
3350,0,10467
3351,0,10477
3352,0,10487
3353,0,10497
3354,0,10507
3355,0,10517
3356,0,10528
3357,0,10538
3358,0,10548
3359,0,10558
3360,0,10568
3361,0,10578
3362,0,10588
3363,0,10598
3364,0,10609
3365,0,10619
3366,0,10629
3367,0,10639
3368,0,10649
3369,0,10660
3370,0,10670
3371,0,10680
3372,0,10690
3373,0,10701
3374,0,10711
3375,0,10721
3376,0,10731
3377,0,10742
3378,0,10752
3379,0,10762
3380,0,10773
3381,0,10783
3382,0,10793
3383,0,10804
3384,0,10814
3385,0,10824
3386,0,10835
3387,0,10845
3388,0,10856
3389,0,10866
3390,0,10876
3391,0,10887
3392,0,10897
3393,0,10908
3394,0,10918
3395,0,10929
3396,0,10939
3397,0,10950
3398,0,10960
3399,0,10971
3400,0,10981
3401,0,10992
3402,0,11002
3403,0,11013
3404,0,11023
3405,0,11034
3406,0,11044
3407,0,11055
3408,0,11066
3409,0,11076
3410,0,11087
3411,0,11098
3412,0,11108
3413,0,11119
3414,0,11129
3415,0,11140
3416,0,11151
3417,0,11162
3418,0,11172
3419,0,11183
3420,0,11194
3421,0,11204
3422,0,11215
3423,0,11226
3424,0,11237
3425,0,11247
3426,0,11258
3427,0,11269
3428,0,11280
3429,0,11291
3430,0,11302
3431,0,11312
3432,0,11323
3433,0,11334
3434,0,11345
3435,0,11356
3436,0,11367
3437,0,11378
3438,0,11389
3439,0,11399
3440,0,11410
3441,0,11421
3442,0,11432
3443,0,11443
3444,0,11454
3445,0,11465
3446,0,11476
3447,0,11487
3448,0,11498
3449,0,11509
3450,0,11520
3451,0,11531
3452,0,11542
3453,0,11553
3454,0,11565
3455,0,11576
3456,0,11587
3457,0,11598
3458,0,11609
3459,0,11620
3460,0,11631
3461,0,11642
3462,0,11654
3463,0,11665
3464,0,11676
3465,0,11687
3466,0,11698
3467,0,11710
3468,0,11721
3469,0,11732
3470,0,11743
3471,0,11755
3472,0,11766
3473,0,11777
3474,0,11788
3475,0,11800
3476,0,11811
3477,0,11822
3478,0,11834
3479,0,11845
3480,0,11856
3481,0,11868
3482,0,11879
3483,0,11891
3484,0,11902
3485,0,11913
3486,0,11925
3487,0,11936
3488,0,11948
3489,0,11959
3490,0,11971
3491,0,11982
3492,0,11994
3493,0,12005
3494,0,12017
3495,0,12028
3496,0,12040
3497,0,12051
3498,0,12063
3499,0,12074
3500,0,12086
3501,0,12098
3502,0,12109
3503,0,12121
3504,0,12132
3505,0,12144
3506,0,12156
3507,0,12167
3508,0,12179
3509,0,12191
3510,0,12202
3511,0,12214
3512,0,12226
3513,0,12238
3514,0,12249
3515,0,12261
3516,0,12273
3517,0,12285
3518,0,12296
3519,0,12308
3520,0,12320
3521,0,12332
3522,0,12344
3523,0,12355
3524,0,12367
3525,0,12379
3526,0,12391
3527,0,12403
3528,0,12415
3529,0,12427
3530,0,12439
3531,0,12451
3532,0,12462
3533,0,12474
3534,0,12486
3535,0,12498
3536,0,12510
3537,0,12522
3538,0,12534
3539,0,12546
3540,0,12558
3541,0,12570
3542,0,12582
3543,0,12595
3544,0,12607
3545,0,12619
3546,0,12631
3547,0,12643
3548,0,12655
3549,0,12667
3550,0,12679
3551,0,12692
3552,0,12704
3553,0,12716
3554,0,12728
3555,0,12740
3556,0,12753
3557,0,12765
3558,0,12777
3559,0,12789
3560,0,12802
3561,0,12814
3562,0,12826
3563,0,12838
3564,0,12851
3565,0,12863
3566,0,12875
3567,0,12888
3568,0,12900
3569,0,12912
3570,0,12925
3571,0,12937
3572,0,12950
3573,0,12962
3574,0,12974
3575,0,12987
3576,0,12999
3577,0,13012
3578,0,13024
3579,0,13037
3580,0,13049
3581,0,13062
3582,0,13074
3583,0,13087
3584,0,13099
3585,0,13112
3586,0,13125
3587,0,13137
3588,0,13150
3589,0,13162
3590,0,13175
3591,0,13188
3592,0,13200
3593,0,13213
3594,0,13226
3595,0,13238
3596,0,13251
3597,0,13264
3598,0,13276
3599,0,13289
3600,0,13302
3601,0,13315
3602,0,13327
3603,0,13340
3604,0,13353
3605,0,13366
3606,0,13379
3607,0,13391
3608,0,13404
3609,0,13417
3610,0,13430
3611,0,13443
3612,0,13456
3613,0,13469
3614,0,13482
3615,0,13495
3616,0,13508
3617,0,13520
3618,0,13533
3619,0,13546
3620,0,13559
3621,0,13572
3622,0,13585
3623,0,13598
3624,0,13612
3625,0,13625
3626,0,13638
3627,0,13651
3628,0,13664
3629,0,13677
3630,0,13690
3631,0,13703
3632,0,13716
3633,0,13729
3634,0,13743
3635,0,13756
3636,0,13769
3637,0,13782
3638,0,13795
3639,0,13809
3640,0,13822
3641,0,13835
3642,0,13848
3643,0,13862
3644,0,13875
3645,0,13888
3646,0,13902
3647,0,13915
3648,0,13928
3649,0,13942
3650,0,13955
3651,0,13968
3652,0,13982
3653,0,13995
3654,0,14009
3655,0,14022
3656,0,14036
3657,0,14049
3658,0,14062
3659,0,14076
3660,0,14089
3661,0,14103
3662,0,14117
3663,0,14130
3664,0,14144
3665,0,14157
3666,0,14171
3667,0,14184
3668,0,14198
3669,0,14212
3670,0,14225
3671,0,14239
3672,0,14253
3673,0,14266
3674,0,14280
3675,0,14294
3676,0,14307
3677,0,14321
3678,0,14335
3679,0,14348
3680,0,14362
3681,0,14376
3682,0,14390
3683,0,14404
3684,0,14417
3685,0,14431
3686,0,14445
3687,0,14459
3688,0,14473
3689,0,14487
3690,0,14501
3691,0,14514
3692,0,14528
3693,0,14542
3694,0,14556
3695,0,14570
3696,0,14584
3697,0,14598
3698,0,14612
3699,0,14626
3700,0,14640
3701,0,14654
3702,0,14668
3703,0,14682
3704,0,14697
3705,0,14711
3706,0,14725
3707,0,14739
3708,0,14753
3709,0,14767
3710,0,14781
3711,0,14795
3712,0,14810
3713,0,14824
3714,0,14838
3715,0,14852
3716,0,14867
3717,0,14881
3718,0,14895
3719,0,14909
3720,0,14924
3721,0,14938
3722,0,14952
3723,0,14967
3724,0,14981
3725,0,14995
3726,0,15010
3727,0,15024
3728,0,15039
3729,0,15053
3730,0,15067
3731,0,15082
3732,0,15096
3733,0,15111
3734,0,15125
3735,0,15140
3736,0,15154
3737,0,15169
3738,0,15183
3739,0,15198
3740,0,15213
3741,0,15227
3742,0,15242
3743,0,15256
3744,0,15271
3745,0,15286
3746,0,15300
3747,0,15315
3748,0,15330
3749,0,15344
3750,0,15359
3751,0,15374
3752,0,15389
3753,0,15403
3754,0,15418
3755,0,15433
3756,0,15448
3757,0,15463
3758,0,15477
3759,0,15492
3760,0,15507
3761,0,15522
3762,0,15537
3763,0,15552
3764,0,15567
3765,0,15582
3766,0,15597
3767,0,15611
3768,0,15626
3769,0,15641
3770,0,15656
3771,0,15671
3772,0,15686
3773,0,15702
3774,0,15717
3775,0,15732
3776,0,15747
3777,0,15762
3778,0,15777
3779,0,15792
3780,0,15807
3781,0,15822
3782,0,15838
3783,0,15853
3784,0,15868
3785,0,15883
3786,0,15898
3787,0,15914
3788,0,15929
3789,0,15944
3790,0,15960
3791,0,15975
3792,0,15990
3793,0,16005
3794,0,16021
3795,0,16036
3796,0,16052
3797,0,16067
3798,0,16082
3799,0,16098
3800,0,16113
3801,0,16129
3802,0,16144
3803,0,16160
3804,0,16175
3805,0,16191
3806,0,16206
3807,0,16222
3808,0,16237
3809,0,16253
3810,0,16268
3811,0,16284
3812,0,16300
3813,0,16315
3814,0,16331
3815,0,16347
3816,0,16362
3817,0,16378
3818,0,16394
3819,0,16409
3820,0,16425
3821,0,16441
3822,0,16457
3823,0,16472
3824,0,16488
3825,0,16504
3826,0,16520
3827,0,16536
3828,0,16552
3829,0,16567
3830,0,16583
3831,0,16599
3832,0,16615
3833,0,16631
3834,0,16647
3835,0,16663
3836,0,16679
3837,0,16695
3838,0,16711
3839,0,16727
3840,0,16743
3841,0,16759
3842,0,16775
3843,0,16791
3844,0,16807
3845,0,16824
3846,0,16840
3847,0,16856
3848,0,16872
3849,0,16888
3850,0,16904
3851,0,16921
3852,0,16937
3853,0,16953
3854,0,16969
3855,0,16986
3856,0,17002
3857,0,17018
3858,0,17035
3859,0,17051
3860,0,17067
3861,0,17084
3862,0,17100
3863,0,17116
3864,0,17133
3865,0,17149
3866,0,17166
3867,0,17182
3868,0,17199
3869,0,17215
3870,0,17232
3871,0,17248
3872,0,17265
3873,0,17281
3874,0,17298
3875,0,17314
3876,0,17331
3877,0,17348
3878,0,17364
3879,0,17381
3880,0,17398
3881,0,17414
3882,0,17431
3883,0,17448
3884,0,17464
3885,0,17481
3886,0,17498
3887,0,17515
3888,0,17532
3889,0,17548
3890,0,17565
3891,0,17582
3892,0,17599
3893,0,17616
3894,0,17633
3895,0,17650
3896,0,17667
3897,0,17683
3898,0,17700
3899,0,17717
3900,0,17734
3901,0,17751
3902,0,17768
3903,0,17785
3904,0,17803
3905,0,17820
3906,0,17837
3907,0,17854
3908,0,17871
3909,0,17888
3910,0,17905
3911,0,17922
3912,0,17940
3913,0,17957
3914,0,17974
3915,0,17991
3916,0,18009
3917,0,18026
3918,0,18043
3919,0,18060
3920,0,18078
3921,0,18095
3922,0,18112
3923,0,18130
3924,0,18147
3925,0,18165
3926,0,18182
3927,0,18199
3928,0,18217
3929,0,18234
3930,0,18252
3931,0,18269
3932,0,18287
3933,0,18304
3934,0,18322
3935,0,18340
3936,0,18357
3937,0,18375
3938,0,18392
3939,0,18410
3940,0,18428
3941,0,18445
3942,0,18463
3943,0,18481
3944,0,18498
3945,0,18516
3946,0,18534
3947,0,18552
3948,0,18570
3949,0,18587
3950,0,18605
3951,0,18623
3952,0,18641
3953,0,18659
3954,0,18677
3955,0,18695
3956,0,18713
3957,0,18730
3958,0,18748
3959,0,18766
3960,0,18784
3961,0,18802
3962,0,18820
3963,0,18839
3964,0,18857
3965,0,18875
3966,0,18893
3967,0,18911
3968,0,18929
3969,0,18947
3970,0,18965
3971,0,18984
3972,0,19002
3973,0,19020
3974,0,19038
3975,0,19056
3976,0,19075
3977,0,19093
3978,0,19111
3979,0,19130
3980,0,19148
3981,0,19166
3982,0,19185
3983,0,19203
3984,0,19222
3985,0,19240
3986,0,19258
3987,0,19277
3988,0,19295
3989,0,19314
3990,0,19332
3991,0,19351
3992,0,19370
3993,0,19388
3994,0,19407
3995,0,19425
3996,0,19444
3997,0,19463
3998,0,19481
3999,0,19500
4000,0,19519
4001,0,19537
4002,0,19556
4003,0,19575
4004,0,19594
4005,0,19612
4006,0,19631
4007,0,19650
4008,0,19669
4009,0,19688
4010,0,19707
4011,0,19726
4012,0,19745
4013,0,19763
4014,0,19782
4015,0,19801
4016,0,19820
4017,0,19839
4018,0,19858
4019,0,19877
4020,0,19897
4021,0,19916
4022,0,19935
4023,0,19954
4024,0,19973
4025,0,19992
4026,0,20011
4027,0,20031
4028,0,20050
4029,0,20069
4030,0,20088
4031,0,20107
4032,0,20127
4033,0,20146
4034,0,20165
4035,0,20185
4036,0,20204
4037,0,20223
4038,0,20243
4039,0,20262
4040,0,20282
4041,0,20301
4042,0,20321
4043,0,20340
4044,0,20360
4045,0,20379
4046,0,20399
4047,0,20418
4048,0,20438
4049,0,20457
4050,0,20477
4051,0,20497
4052,0,20516
4053,0,20536
4054,0,20556
4055,0,20575
4056,0,20595
4057,0,20615
4058,0,20635
4059,0,20655
4060,0,20674
4061,0,20694
4062,0,20714
4063,0,20734
4064,0,20754
4065,0,20774
4066,0,20794
4067,0,20814
4068,0,20834
4069,0,20853
4070,0,20873
4071,0,20894
4072,0,20914
4073,0,20934
4074,0,20954
4075,0,20974
4076,0,20994
4077,0,21014
4078,0,21034
4079,0,21054
4080,0,21075
4081,0,21095
4082,0,21115
4083,0,21135
4084,0,21156
4085,0,21176
4086,0,21196
4087,0,21216
4088,0,21237
4089,0,21257
4090,0,21278
4091,0,21298
4092,0,21318
4093,0,21339
4094,0,21359
4095,0,21380
4096,0,21400
4097,0,21421
4098,0,21441
4099,0,21462
4100,0,21483
4101,0,21503
4102,0,21524
4103,0,21544
4104,0,21565
4105,0,21586
4106,0,21606
4107,0,21627
4108,0,21648
4109,0,21669
4110,0,21689
4111,0,21710
4112,0,21731
4113,0,21752
4114,0,21773
4115,0,21794
4116,0,21815
4117,0,21835
4118,0,21856
4119,0,21877
4120,0,21898
4121,0,21919
4122,0,21940
4123,0,21961
4124,0,21983
4125,0,22004
4126,0,22025
4127,0,22046
4128,0,22067
4129,0,22088
4130,0,22109
4131,0,22131
4132,0,22152
4133,0,22173
4134,0,22194
4135,0,22216
4136,0,22237
4137,0,22258
4138,0,22280
4139,0,22301
4140,0,22322
4141,0,22344
4142,0,22365
4143,0,22387
4144,0,22408
4145,0,22430
4146,0,22451
4147,0,22473
4148,0,22494
4149,0,22516
4150,0,22537
4151,0,22559
4152,0,22581
4153,0,22602
4154,0,22624
4155,0,22646
4156,0,22667
4157,0,22689
4158,0,22711
4159,0,22733
4160,0,22754
4161,0,22776
4162,0,22798
4163,0,22820
4164,0,22842
4165,0,22864
4166,0,22886
4167,0,22908
4168,0,22930
4169,0,22952
4170,0,22974
4171,0,22996
4172,0,23018
4173,0,23040
4174,0,23062
4175,0,23084
4176,0,23106
4177,0,23128
4178,0,23150
4179,0,23173
4180,0,23195
4181,0,23217
4182,0,23239
4183,0,23262
4184,0,23284
4185,0,23306
4186,0,23329
4187,0,23351
4188,0,23373
4189,0,23396
4190,0,23418
4191,0,23441
4192,0,23463
4193,0,23486
4194,0,23508
4195,0,23531
4196,0,23553
4197,0,23576
4198,0,23599
4199,0,23621
4200,0,23644
4201,0,23667
4202,0,23689
4203,0,23712
4204,0,23735
4205,0,23758
4206,0,23780
4207,0,23803
4208,0,23826
4209,0,23849
4210,0,23872
4211,0,23895
4212,0,23917
4213,0,23940
4214,0,23963
4215,0,23986
4216,0,24009
4217,0,24032
4218,0,24055
4219,0,24079
4220,0,24102
4221,0,24125
4222,0,24148
4223,0,24171
4224,0,24194
4225,0,24217
4226,0,24241
4227,0,24264
4228,0,24287
4229,0,24310
4230,0,24334
4231,0,24357
4232,0,24380
4233,0,24404
4234,0,24427
4235,0,24451
4236,0,24474
4237,0,24498
4238,0,24521
4239,0,24545
4240,0,24568
4241,0,24592
4242,0,24615
4243,0,24639
4244,0,24663
4245,0,24686
4246,0,24710
4247,0,24734
4248,0,24757
4249,0,24781
4250,0,24805
4251,0,24829
4252,0,24852
4253,0,24876
4254,0,24900
4255,0,24924
4256,0,24948
4257,0,24972
4258,0,24996
4259,0,25020
4260,0,25044
4261,0,25068
4262,0,25092
4263,0,25116
4264,0,25140
4265,0,25164
4266,0,25188
4267,0,25212
4268,0,25237
4269,0,25261
4270,0,25285
4271,0,25309
4272,0,25334
4273,0,25358
4274,0,25382
4275,0,25407
4276,0,25431
4277,0,25455
4278,0,25480
4279,0,25504
4280,0,25529
4281,0,25553
4282,0,25578
4283,0,25602
4284,0,25627
4285,0,25651
4286,0,25676
4287,0,25700
4288,0,25725
4289,0,25750
4290,0,25774
4291,0,25799
4292,0,25824
4293,0,25849
4294,0,25874
4295,0,25898
4296,0,25923
4297,0,25948
4298,0,25973
4299,0,25998
4300,0,26023
4301,0,26048
4302,0,26073
4303,0,26098
4304,0,26123
4305,0,26148
4306,0,26173
4307,0,26198
4308,0,26223
4309,0,26248
4310,0,26273
4311,0,26299
4312,0,26324
4313,0,26349
4314,0,26374
4315,0,26400
4316,0,26425
4317,0,26450
4318,0,26476
4319,0,26501
4320,0,26527
4321,0,26552
4322,0,26577
4323,0,26603
4324,0,26628
4325,0,26654
4326,0,26680
4327,0,26705
4328,0,26731
4329,0,26756
4330,0,26782
4331,0,26808
4332,0,26833
4333,0,26859
4334,0,26885
4335,0,26911
4336,0,26937
4337,0,26962
4338,0,26988
4339,0,27014
4340,0,27040
4341,0,27066
4342,0,27092
4343,0,27118
4344,0,27144
4345,0,27170
4346,0,27196
4347,0,27222
4348,0,27248
4349,0,27274
4350,0,27300
4351,0,27327
4352,0,27353
4353,0,27379
4354,0,27405
4355,0,27432
4356,0,27458
4357,0,27484
4358,0,27511
4359,0,27537
4360,0,27563
4361,0,27590
4362,0,27616
4363,0,27643
4364,0,27669
4365,0,27696
4366,0,27722
4367,0,27749
4368,0,27776
4369,0,27802
4370,0,27829
4371,0,27856
4372,0,27882
4373,0,27909
4374,0,27936
4375,0,27963
4376,0,27990
4377,0,28016
4378,0,28043
4379,0,28070
4380,0,28097
4381,0,28124
4382,0,28151
4383,0,28178
4384,0,28205
4385,0,28232
4386,0,28259
4387,0,28286
4388,0,28313
4389,0,28341
4390,0,28368
4391,0,28395
4392,0,28422
4393,0,28449
4394,0,28477
4395,0,28504
4396,0,28531
4397,0,28559
4398,0,28586
4399,0,28614
4400,0,28641
4401,0,28668
4402,0,28696
4403,0,28723
4404,0,28751
4405,0,28779
4406,0,28806
4407,0,28834
4408,0,28861
4409,0,28889
4410,0,28917
4411,0,28945
4412,0,28972
4413,0,29000
4414,0,29028
4415,0,29056
4416,0,29084
4417,0,29112
4418,0,29139
4419,0,29167
4420,0,29195
4421,0,29223
4422,0,29251
4423,0,29279
4424,0,29308
4425,0,29336
4426,0,29364
4427,0,29392
4428,0,29420
4429,0,29448
4430,0,29477
4431,0,29505
4432,0,29533
4433,0,29562
4434,0,29590
4435,0,29618
4436,0,29647
4437,0,29675
4438,0,29704
4439,0,29732
4440,0,29761
4441,0,29789
4442,0,29818
4443,0,29846
4444,0,29875
4445,0,29904
4446,0,29932
4447,0,29961
4448,0,29990
4449,0,30018
4450,0,30047
4451,0,30076
4452,0,30105
4453,0,30134
4454,0,30163
4455,0,30192
4456,0,30221
4457,0,30250
4458,0,30279
4459,0,30308
4460,0,30337
4461,0,30366
4462,0,30395
4463,0,30424
4464,0,30453
4465,0,30482
4466,0,30512
4467,0,30541
4468,0,30570
4469,0,30600
4470,0,30629
4471,0,30658
4472,0,30688
4473,0,30717
4474,0,30747
4475,0,30776
4476,0,30806
4477,0,30835
4478,0,30865
4479,0,30894
4480,0,30924
4481,0,30954
4482,0,30983
4483,0,31013
4484,0,31043
4485,0,31073
4486,0,31102
4487,0,31132
4488,0,31162
4489,0,31192
4490,0,31222
4491,0,31252
4492,0,31282
4493,0,31312
4494,0,31342
4495,0,31372
4496,0,31402
4497,0,31432
4498,0,31462
4499,0,31492
4500,0,31523
4501,0,31553
4502,0,31583
4503,0,31613
4504,0,31644
4505,0,31674
4506,0,31704
4507,0,31735
4508,0,31765
4509,0,31796
4510,0,31826
4511,0,31857
4512,0,31887
4513,0,31918
4514,0,31949
4515,0,31979
4516,0,32010
4517,0,32041
4518,0,32071
4519,0,32102
4520,0,32133
4521,0,32164
4522,0,32194
4523,0,32225
4524,0,32256
4525,0,32287
4526,0,32318
4527,0,32349
4528,0,32380
4529,0,32411
4530,0,32442
4531,0,32473
4532,0,32505
4533,0,32536
4534,0,32567
4535,0,32598
4536,0,32629
4537,0,32661
4538,0,32692
4539,0,32723
4540,0,32755
4541,0,32786
4542,0,32818
4543,0,32849
4544,0,32881
4545,0,32912
4546,0,32944
4547,0,32975
4548,0,33007
4549,0,33039
4550,0,33070
4551,0,33102
4552,0,33134
4553,0,33166
4554,0,33197
4555,0,33229
4556,0,33261
4557,0,33293
4558,0,33325
4559,0,33357
4560,0,33389
4561,0,33421
4562,0,33453
4563,0,33485
4564,0,33517
4565,0,33549
4566,0,33582
4567,0,33614
4568,0,33646
4569,0,33678
4570,0,33711
4571,0,33743
4572,0,33775
4573,0,33808
4574,0,33840
4575,0,33873
4576,0,33905
4577,0,33938
4578,0,33970
4579,0,34003
4580,0,34035
4581,0,34068
4582,0,34101
4583,0,34133
4584,0,34166
4585,0,34199
4586,0,34232
4587,0,34264
4588,0,34297
4589,0,34330
4590,0,34363
4591,0,34396
4592,0,34429
4593,0,34462
4594,0,34495
4595,0,34528
4596,0,34561
4597,0,34594
4598,0,34628
4599,0,34661
4600,0,34694
4601,0,34727
4602,0,34761
4603,0,34794
4604,0,34827
4605,0,34861
4606,0,34894
4607,0,34928
4608,0,34961
4609,0,34995
4610,0,35028
4611,0,35062
4612,0,35096
4613,0,35129
4614,0,35163
4615,0,35197
4616,0,35230
4617,0,35264
4618,0,35298
4619,0,35332
4620,0,35366
4621,0,35400
4622,0,35434
4623,0,35468
4624,0,35502
4625,0,35536
4626,0,35570
4627,0,35604
4628,0,35638
4629,0,35672
4630,0,35706
4631,0,35741
4632,0,35775
4633,0,35809
4634,0,35844
4635,0,35878
4636,0,35912
4637,0,35947
4638,0,35981
4639,0,36016
4640,0,36050
4641,0,36085
4642,0,36120
4643,0,36154
4644,0,36189
4645,0,36224
4646,0,36258
4647,0,36293
4648,0,36328
4649,0,36363
4650,0,36398
4651,0,36433
4652,0,36467
4653,0,36502
4654,0,36537
4655,0,36573
4656,0,36608
4657,0,36643
4658,0,36678
4659,0,36713
4660,0,36748
4661,0,36783
4662,0,36819
4663,0,36854
4664,0,36889
4665,0,36925
4666,0,36960
4667,0,36996
4668,0,37031
4669,0,37067
4670,0,37102
4671,0,37138
4672,0,37173
4673,0,37209
4674,0,37245
4675,0,37280
4676,0,37316
4677,0,37352
4678,0,37388
4679,0,37424
4680,0,37460
4681,0,37496
4682,0,37531
4683,0,37567
4684,0,37604
4685,0,37640
4686,0,37676
4687,0,37712
4688,0,37748
4689,0,37784
4690,0,37820
4691,0,37857
4692,0,37893
4693,0,37929
4694,0,37966
4695,0,38002
4696,0,38039
4697,0,38075
4698,0,38112
4699,0,38148
4700,0,38185
4701,0,38221
4702,0,38258
4703,0,38295
4704,0,38331
4705,0,38368
4706,0,38405
4707,0,38442
4708,0,38479
4709,0,38516
4710,0,38553
4711,0,38590
4712,0,38627
4713,0,38664
4714,0,38701
4715,0,38738
4716,0,38775
4717,0,38812
4718,0,38849
4719,0,38887
4720,0,38924
4721,0,38961
4722,0,38999
4723,0,39036
4724,0,39073
4725,0,39111
4726,0,39148
4727,0,39186
4728,0,39224
4729,0,39261
4730,0,39299
4731,0,39337
4732,0,39374
4733,0,39412
4734,0,39450
4735,0,39488
4736,0,39526
4737,0,39563
4738,0,39601
4739,0,39639
4740,0,39677
4741,0,39715
4742,0,39754
4743,0,39792
4744,0,39830
4745,0,39868
4746,0,39906
4747,0,39945
4748,0,39983
4749,0,40021
4750,0,40060
4751,0,40098
4752,0,40137
4753,0,40175
4754,0,40214
4755,0,40252
4756,0,40291
4757,0,40329
4758,0,40368
4759,0,40407
4760,0,40446
4761,0,40484
4762,0,40523
4763,0,40562
4764,0,40601
4765,0,40640
4766,0,40679
4767,0,40718
4768,0,40757
4769,0,40796
4770,0,40835
4771,0,40874
4772,0,40913
4773,0,40953
4774,0,40992
4775,0,41031
4776,0,41071
4777,0,41110
4778,0,41150
4779,0,41189
4780,0,41228
4781,0,41268
4782,0,41308
4783,0,41347
4784,0,41387
4785,0,41427
4786,0,41466
4787,0,41506
4788,0,41546
4789,0,41586
4790,0,41626
4791,0,41666
4792,0,41706
4793,0,41746
4794,0,41786
4795,0,41826
4796,0,41866
4797,0,41906
4798,0,41946
4799,0,41986
4800,0,42027
4801,0,42067
4802,0,42107
4803,0,42148
4804,0,42188
4805,0,42229
4806,0,42269
4807,0,42310
4808,0,42350
4809,0,42391
4810,0,42431
4811,0,42472
4812,0,42513
4813,0,42554
4814,0,42594
4815,0,42635
4816,0,42676
4817,0,42717
4818,0,42758
4819,0,42799
4820,0,42840
4821,0,42881
4822,0,42922
4823,0,42964
4824,0,43005
4825,0,43046
4826,0,43087
4827,0,43129
4828,0,43170
4829,0,43211
4830,0,43253
4831,0,43294
4832,0,43336
4833,0,43377
4834,0,43419
4835,0,43461
4836,0,43502
4837,0,43544
4838,0,43586
4839,0,43628
4840,0,43669
4841,0,43711
4842,0,43753
4843,0,43795
4844,0,43837
4845,0,43879
4846,0,43921
4847,0,43963
4848,0,44006
4849,0,44048
4850,0,44090
4851,0,44132
4852,0,44175
4853,0,44217
4854,0,44260
4855,0,44302
4856,0,44344
4857,0,44387
4858,0,44430
4859,0,44472
4860,0,44515
4861,0,44558
4862,0,44600
4863,0,44643
4864,0,44686
4865,0,44729
4866,0,44772
4867,0,44815
4868,0,44858
4869,0,44901
4870,0,44944
4871,0,44987
4872,0,45030
4873,0,45073
4874,0,45116
4875,0,45160
4876,0,45203
4877,0,45246
4878,0,45290
4879,0,45333
4880,0,45377
4881,0,45420
4882,0,45464
4883,0,45507
4884,0,45551
4885,0,45595
4886,0,45638
4887,0,45682
4888,0,45726
4889,0,45770
4890,0,45814
4891,0,45858
4892,0,45902
4893,0,45946
4894,0,45990
4895,0,46034
4896,0,46078
4897,0,46122
4898,0,46166
4899,0,46211
4900,0,46255
4901,0,46299
4902,0,46344
4903,0,46388
4904,0,46433
4905,0,46477
4906,0,46522
4907,0,46566
4908,0,46611
4909,0,46656
4910,0,46701
4911,0,46745
4912,0,46790
4913,0,46835
4914,0,46880
4915,0,46925
4916,0,46970
4917,0,47015
4918,0,47060
4919,0,47105
4920,0,47150
4921,0,47196
4922,0,47241
4923,0,47286
4924,0,47332
4925,0,47377
4926,0,47422
4927,0,47468
4928,0,47513
4929,0,47559
4930,0,47605
4931,0,47650
4932,0,47696
4933,0,47742
4934,0,47787
4935,0,47833
4936,0,47879
4937,0,47925
4938,0,47971
4939,0,48017
4940,0,48063
4941,0,48109
4942,0,48155
4943,0,48202
4944,0,48248
4945,0,48294
4946,0,48340
4947,0,48387
4948,0,48433
4949,0,48480
4950,0,48526
4951,0,48573
4952,0,48619
4953,0,48666
4954,0,48713
4955,0,48759
4956,0,48806
4957,0,48853
4958,0,48900
4959,0,48947
4960,0,48994
4961,0,49041
4962,0,49088
4963,0,49135
4964,0,49182
4965,0,49229
4966,0,49276
4967,0,49323
4968,0,49371
4969,0,49418
4970,0,49465
4971,0,49513
4972,0,49560
4973,0,49608
4974,0,49656
4975,0,49703
4976,0,49751
4977,0,49799
4978,0,49846
4979,0,49894
4980,0,49942
4981,0,49990
4982,0,50038
4983,0,50086
4984,0,50134
4985,0,50182
4986,0,50230
4987,0,50278
4988,0,50326
4989,0,50375
4990,0,50423
4991,0,50471
4992,0,50520
4993,0,50568
4994,0,50617
4995,0,50665
4996,0,50714
4997,0,50763
4998,0,50811
4999,0,50860
5000,0,50909
5001,0,50958
5002,0,51006
5003,0,51055
5004,0,51104
5005,0,51153
5006,0,51202
5007,0,51252
5008,0,51301
5009,0,51350
5010,0,51399
5011,0,51448
5012,0,51498
5013,0,51547
5014,0,51597
5015,0,51646
5016,0,51696
5017,0,51745
5018,0,51795
5019,0,51845
5020,0,51894
5021,0,51944
5022,0,51994
5023,0,52044
5024,0,52094
5025,0,52144
5026,0,52194
5027,0,52244
5028,0,52294
5029,0,52344
5030,0,52394
5031,0,52444
5032,0,52495
5033,0,52545
5034,0,52595
5035,0,52646
5036,0,52696
5037,0,52747
5038,0,52798
5039,0,52848
5040,0,52899
5041,0,52950
5042,0,53000
5043,0,53051
5044,0,53102
5045,0,53153
5046,0,53204
5047,0,53255
5048,0,53306
5049,0,53357
5050,0,53408
5051,0,53460
5052,0,53511
5053,0,53562
5054,0,53614
5055,0,53665
5056,0,53716
5057,0,53768
5058,0,53820
5059,0,53871
5060,0,53923
5061,0,53975
5062,0,54026
5063,0,54078
5064,0,54130
5065,0,54182
5066,0,54234
5067,0,54286
5068,0,54338
5069,0,54390
5070,0,54442
5071,0,54494
5072,0,54547
5073,0,54599
5074,0,54651
5075,0,54704
5076,0,54756
5077,0,54809
5078,0,54861
5079,0,54914
5080,0,54967
5081,0,55019
5082,0,55072
5083,0,55125
5084,0,55178
5085,0,55231
5086,0,55284
5087,0,55337
5088,0,55390
5089,0,55443
5090,0,55496
5091,0,55549
5092,0,55603
5093,0,55656
5094,0,55709
5095,0,55763
5096,0,55816
5097,0,55870
5098,0,55923
5099,0,55977
5100,0,56031
5101,0,56085
5102,0,56138
5103,0,56192
5104,0,56246
5105,0,56300
5106,0,56354
5107,0,56408
5108,0,56462
5109,0,56516
5110,0,56570
5111,0,56625
5112,0,56679
5113,0,56733
5114,0,56788
5115,0,56842
5116,0,56897
5117,0,56951
5118,0,57006
5119,0,57061
5120,0,57115
5121,0,57170
5122,0,57225
5123,0,57280
5124,0,57335
5125,0,57390
5126,0,57445
5127,0,57500
5128,0,57555
5129,0,57610
5130,0,57666
5131,0,57721
5132,0,57776
5133,0,57832
5134,0,57887
5135,0,57943
5136,0,57998
5137,0,58054
5138,0,58110
5139,0,58165
5140,0,58221
5141,0,58277
5142,0,58333
5143,0,58389
5144,0,58445
5145,0,58501
5146,0,58557
5147,0,58613
5148,0,58669
5149,0,58726
5150,0,58782
5151,0,58838
5152,0,58895
5153,0,58951
5154,0,59008
5155,0,59064
5156,0,59121
5157,0,59178
5158,0,59234
5159,0,59291
5160,0,59348
5161,0,59405
5162,0,59462
5163,0,59519
5164,0,59576
5165,0,59633
5166,0,59690
5167,0,59748
5168,0,59805
5169,0,59862
5170,0,59920
5171,0,59977
5172,0,60035
5173,0,60092
5174,0,60150
5175,0,60208
5176,0,60265
5177,0,60323
5178,0,60381
5179,0,60439
5180,0,60497
5181,0,60555
5182,0,60613
5183,0,60671
5184,0,60729
5185,0,60788
5186,0,60846
5187,0,60904
5188,0,60963
5189,0,61021
5190,0,61080
5191,0,61138
5192,0,61197
5193,0,61256
5194,0,61314
5195,0,61373
5196,0,61432
5197,0,61491
5198,0,61550
5199,0,61609
5200,0,61668
5201,0,61727
5202,0,61786
5203,0,61846
5204,0,61905
5205,0,61964
5206,0,62024
5207,0,62083
5208,0,62143
5209,0,62202
5210,0,62262
5211,0,62322
5212,0,62382
5213,0,62441
5214,0,62501
5215,0,62561
5216,0,62621
5217,0,62681
5218,0,62741
5219,0,62802
5220,0,62862
5221,0,62922
5222,0,62983
5223,0,63043
5224,0,63103
5225,0,63164
5226,0,63225
5227,0,63285
5228,0,63346
5229,0,63407
5230,0,63467
5231,0,63528
5232,0,63589
5233,0,63650
5234,0,63711
5235,0,63772
5236,0,63834
5237,0,63895
5238,0,63956
5239,0,64017
5240,0,64079
5241,0,64140
5242,0,64202
5243,0,64263
5244,0,64325
5245,0,64387
5246,0,64448
5247,0,64510
5248,0,64572
5249,0,64634
5250,0,64696
5251,0,64758
5252,0,64820
5253,0,64882
5254,0,64945
5255,0,65007
5256,0,65069
5257,0,65132
5258,0,65194
5259,0,65257
5260,0,65319
5261,0,65382
5262,0,65445
5263,0,65507
5264,0,65570
5265,0,65633
5266,0,65696
5267,0,65759
5268,0,65822
5269,0,65885
5270,0,65948
5271,0,66012
5272,0,66075
5273,0,66138
5274,0,66202
5275,0,66265
5276,0,66329
5277,0,66392
5278,0,66456
5279,0,66520
5280,0,66584
5281,0,66648
5282,0,66711
5283,0,66775
5284,0,66840
5285,0,66904
5286,0,66968
5287,0,67032
5288,0,67096
5289,0,67161
5290,0,67225
5291,0,67290
5292,0,67354
5293,0,67419
5294,0,67483
5295,0,67548
5296,0,67613
5297,0,67678
5298,0,67743
5299,0,67808
5300,0,67873
5301,0,67938
5302,0,68003
5303,0,68068
5304,0,68133
5305,0,68199
5306,0,68264
5307,0,68330
5308,0,68395
5309,0,68461
5310,0,68526
5311,0,68592
5312,0,68658
5313,0,68724
5314,0,68790
5315,0,68856
5316,0,68922
5317,0,68988
5318,0,69054
5319,0,69120
5320,0,69187
5321,0,69253
5322,0,69319
5323,0,69386
5324,0,69452
5325,0,69519
5326,0,69586
5327,0,69652
5328,0,69719
5329,0,69786
5330,0,69853
5331,0,69920
5332,0,69987
5333,0,70054
5334,0,70121
5335,0,70189
5336,0,70256
5337,0,70323
5338,0,70391
5339,0,70458
5340,0,70526
5341,0,70594
5342,0,70661
5343,0,70729
5344,0,70797
5345,0,70865
5346,0,70933
5347,0,71001
5348,0,71069
5349,0,71137
5350,0,71205
5351,0,71274
5352,0,71342
5353,0,71410
5354,0,71479
5355,0,71547
5356,0,71616
5357,0,71685
5358,0,71753
5359,0,71822
5360,0,71891
5361,0,71960
5362,0,72029
5363,0,72098
5364,0,72167
5365,0,72237
5366,0,72306
5367,0,72375
5368,0,72445
5369,0,72514
5370,0,72584
5371,0,72653
5372,0,72723
5373,0,72793
5374,0,72862
5375,0,72932
5376,0,73002
5377,0,73072
5378,0,73142
5379,0,73213
5380,0,73283
5381,0,73353
5382,0,73423
5383,0,73494
5384,0,73564
5385,0,73635
5386,0,73706
5387,0,73776
5388,0,73847
5389,0,73918
5390,0,73989
5391,0,74060
5392,0,74131
5393,0,74202
5394,0,74273
5395,0,74344
5396,0,74416
5397,0,74487
5398,0,74558
5399,0,74630
5400,0,74701
5401,0,74773
5402,0,74845
5403,0,74917
5404,0,74988
5405,0,75060
5406,0,75132
5407,0,75204
5408,0,75277
5409,0,75349
5410,0,75421
5411,0,75493
5412,0,75566
5413,0,75638
5414,0,75711
5415,0,75783
5416,0,75856
5417,0,75929
5418,0,76002
5419,0,76075
5420,0,76148
5421,0,76221
5422,0,76294
5423,0,76367
5424,0,76440
5425,0,76513
5426,0,76587
5427,0,76660
5428,0,76734
5429,0,76807
5430,0,76881
5431,0,76955
5432,0,77029
5433,0,77102
5434,0,77176
5435,0,77250
5436,0,77325
5437,0,77399
5438,0,77473
5439,0,77547
5440,0,77622
5441,0,77696
5442,0,77771
5443,0,77845
5444,0,77920
5445,0,77995
5446,0,78069
5447,0,78144
5448,0,78219
5449,0,78294
5450,0,78369
5451,0,78444
5452,0,78520
5453,0,78595
5454,0,78670
5455,0,78746
5456,0,78821
5457,0,78897
5458,0,78973
5459,0,79048
5460,0,79124
5461,0,79200
5462,0,79276
5463,0,79352
5464,0,79428
5465,0,79504
5466,0,79581
5467,0,79657
5468,0,79733
5469,0,79810
5470,0,79886
5471,0,79963
5472,0,80040
5473,0,80116
5474,0,80193
5475,0,80270
5476,0,80347
5477,0,80424
5478,0,80501
5479,0,80579
5480,0,80656
5481,0,80733
5482,0,80811
5483,0,80888
5484,0,80966
5485,0,81043
5486,0,81121
5487,0,81199
5488,0,81277
5489,0,81355
5490,0,81433
5491,0,81511
5492,0,81589
5493,0,81667
5494,0,81746
5495,0,81824
5496,0,81903
5497,0,81981
5498,0,82060
5499,0,82138
5500,0,82217
5501,0,82296
5502,0,82375
5503,0,82454
5504,0,82533
5505,0,82612
5506,0,82692
5507,0,82771
5508,0,82850
5509,0,82930
5510,0,83009
5511,0,83089
5512,0,83169
5513,0,83248
5514,0,83328
5515,0,83408
5516,0,83488
5517,0,83568
5518,0,83648
5519,0,83729
5520,0,83809
5521,0,83889
5522,0,83970
5523,0,84050
5524,0,84131
5525,0,84212
5526,0,84292
5527,0,84373
5528,0,84454
5529,0,84535
5530,0,84616
5531,0,84697
5532,0,84779
5533,0,84860
5534,0,84941
5535,0,85023
5536,0,85104
5537,0,85186
5538,0,85268
5539,0,85349
5540,0,85431
5541,0,85513
5542,0,85595
5543,0,85677
5544,0,85759
5545,0,85842
5546,0,85924
5547,0,86006
5548,0,86089
5549,0,86172
5550,0,86254
5551,0,86337
5552,0,86420
5553,0,86503
5554,0,86586
5555,0,86669
5556,0,86752
5557,0,86835
5558,0,86918
5559,0,87002
5560,0,87085
5561,0,87169
5562,0,87252
5563,0,87336
5564,0,87420
5565,0,87503
5566,0,87587
5567,0,87671
5568,0,87755
5569,0,87840
5570,0,87924
5571,0,88008
5572,0,88093
5573,0,88177
5574,0,88262
5575,0,88346
5576,0,88431
5577,0,88516
5578,0,88601
5579,0,88686
5580,0,88771
5581,0,88856
5582,0,88941
5583,0,89027
5584,0,89112
5585,0,89197
5586,0,89283
5587,0,89369
5588,0,89454
5589,0,89540
5590,0,89626
5591,0,89712
5592,0,89798
5593,0,89884
5594,0,89970
5595,0,90057
5596,0,90143
5597,0,90229
5598,0,90316
5599,0,90403
5600,0,90489
5601,0,90576
5602,0,90663
5603,0,90750
5604,0,90837
5605,0,90924
5606,0,91011
5607,0,91099
5608,0,91186
5609,0,91273
5610,0,91361
5611,0,91449
5612,0,91536
5613,0,91624
5614,0,91712
5615,0,91800
5616,0,91888
5617,0,91976
5618,0,92064
5619,0,92153
5620,0,92241
5621,0,92329
5622,0,92418
5623,0,92507
5624,0,92595
5625,0,92684
5626,0,92773
5627,0,92862
5628,0,92951
5629,0,93040
5630,0,93130
5631,0,93219
5632,0,93308
5633,0,93398
5634,0,93487
5635,0,93577
5636,0,93667
5637,0,93757
5638,0,93847
5639,0,93937
5640,0,94027
5641,0,94117
5642,0,94207
5643,0,94297
5644,0,94388
5645,0,94478
5646,0,94569
5647,0,94660
5648,0,94751
5649,0,94841
5650,0,94932
5651,0,95023
5652,0,95115
5653,0,95206
5654,0,95297
5655,0,95388
5656,0,95480
5657,0,95572
5658,0,95663
5659,0,95755
5660,0,95847
5661,0,95939
5662,0,96031
5663,0,96123
5664,0,96215
5665,0,96307
5666,0,96400
5667,0,96492
5668,0,96585
5669,0,96677
5670,0,96770
5671,0,96863
5672,0,96956
5673,0,97049
5674,0,97142
5675,0,97235
5676,0,97328
5677,0,97422
5678,0,97515
5679,0,97609
5680,0,97702
5681,0,97796
5682,0,97890
5683,0,97984
5684,0,98078
5685,0,98172
5686,0,98266
5687,0,98360
5688,0,98454
5689,0,98549
5690,0,98643
5691,0,98738
5692,0,98833
5693,0,98927
5694,0,99022
5695,0,99117
5696,0,99212
5697,0,99308
5698,0,99403
5699,0,99498
5700,0,99594
5701,0,99689
5702,0,99785
5703,0,99880
5704,0,99976
5705,0,100072
5706,0,100168
5707,0,100264
5708,0,100360
5709,0,100457
5710,0,100553
5711,0,100649
5712,0,100746
5713,0,100843
5714,0,100939
5715,0,101036
5716,0,101133
5717,0,101230
5718,0,101327
5719,0,101424
5720,0,101522
5721,0,101619
5722,0,101716
5723,0,101814
5724,0,101912
5725,0,102009
5726,0,102107
5727,0,102205
5728,0,102303
5729,0,102401
5730,0,102499
5731,0,102598
5732,0,102696
5733,0,102795
5734,0,102893
5735,0,102992
5736,0,103091
5737,0,103190
5738,0,103289
5739,0,103388
5740,0,103487
5741,0,103586
5742,0,103685
5743,0,103785
5744,0,103884
5745,0,103984
5746,0,104084
5747,0,104184
5748,0,104284
5749,0,104384
5750,0,104484
5751,0,104584
5752,0,104684
5753,0,104785
5754,0,104885
5755,0,104986
5756,0,105086
5757,0,105187
5758,0,105288
5759,0,105389
5760,0,105490
5761,0,105591
5762,0,105693
5763,0,105794
5764,0,105895
5765,0,105997
5766,0,106099
5767,0,106200
5768,0,106302
5769,0,106404
5770,0,106506
5771,0,106608
5772,0,106711
5773,0,106813
5774,0,106915
5775,0,107018
5776,0,107121
5777,0,107223
5778,0,107326
5779,0,107429
5780,0,107532
5781,0,107635
5782,0,107739
5783,0,107842
5784,0,107945
5785,0,108049
5786,0,108153
5787,0,108256
5788,0,108360
5789,0,108464
5790,0,108568
5791,0,108672
5792,0,108776
5793,0,108881
5794,0,108985
5795,0,109090
5796,0,109194
5797,0,109299
5798,0,109404
5799,0,109509
5800,0,109614
5801,0,109719
5802,0,109824
5803,0,109930
5804,0,110035
5805,0,110141
5806,0,110246
5807,0,110352
5808,0,110458
5809,0,110564
5810,0,110670
5811,0,110776
5812,0,110882
5813,0,110988
5814,0,111095
5815,0,111201
5816,0,111308
5817,0,111415
5818,0,111522
5819,0,111629
5820,0,111736
5821,0,111843
5822,0,111950
5823,0,112058
5824,0,112165
5825,0,112273
5826,0,112380
5827,0,112488
5828,0,112596
5829,0,112704
5830,0,112812
5831,0,112920
5832,0,113029
5833,0,113137
5834,0,113246
5835,0,113354
5836,0,113463
5837,0,113572
5838,0,113681
5839,0,113790
5840,0,113899
5841,0,114008
5842,0,114117
5843,0,114227
5844,0,114336
5845,0,114446
5846,0,114556
5847,0,114666
5848,0,114776
5849,0,114886
5850,0,114996
5851,0,115106
5852,0,115217
5853,0,115327
5854,0,115438
5855,0,115548
5856,0,115659
5857,0,115770
5858,0,115881
5859,0,115992
5860,0,116104
5861,0,116215
5862,0,116326
5863,0,116438
5864,0,116550
5865,0,116662
5866,0,116773
5867,0,116885
5868,0,116998
5869,0,117110
5870,0,117222
5871,0,117334
5872,0,117447
5873,0,117560
5874,0,117672
5875,0,117785
5876,0,117898
5877,0,118011
5878,0,118125
5879,0,118238
5880,0,118351
5881,0,118465
5882,0,118578
5883,0,118692
5884,0,118806
5885,0,118920
5886,0,119034
5887,0,119148
5888,0,119262
5889,0,119377
5890,0,119491
5891,0,119606
5892,0,119721
5893,0,119835
5894,0,119950
5895,0,120065
5896,0,120181
5897,0,120296
5898,0,120411
5899,0,120527
5900,0,120642
5901,0,120758
5902,0,120874
5903,0,120990
5904,0,121106
5905,0,121222
5906,0,121338
5907,0,121455
5908,0,121571
5909,0,121688
5910,0,121804
5911,0,121921
5912,0,122038
5913,0,122155
5914,0,122272
5915,0,122390
5916,0,122507
5917,0,122625
5918,0,122742
5919,0,122860
5920,0,122978
5921,0,123096
5922,0,123214
5923,0,123332
5924,0,123450
5925,0,123569
5926,0,123687
5927,0,123806
5928,0,123924
5929,0,124043
5930,0,124162
5931,0,124281
5932,0,124401
5933,0,124520
5934,0,124639
5935,0,124759
5936,0,124879
5937,0,124998
5938,0,125118
5939,0,125238
5940,0,125358
5941,0,125479
5942,0,125599
5943,0,125719
5944,0,125840
5945,0,125961
5946,0,126081
5947,0,126202
5948,0,126323
5949,0,126445
5950,0,126566
5951,0,126687
5952,0,126809
5953,0,126930
5954,0,127052
5955,0,127174
5956,0,127296
5957,0,127418
5958,0,127540
5959,0,127663
5960,0,127785
5961,0,127908
5962,0,128030
5963,0,128153
5964,0,128276
5965,0,128399
5966,0,128522
5967,0,128645
5968,0,128769
5969,0,128892
5970,0,129016
5971,0,129140
5972,0,129264
5973,0,129388
5974,0,129512
5975,0,129636
5976,0,129760
5977,0,129885
5978,0,130009
5979,0,130134
5980,0,130259
5981,0,130384
5982,0,130509
5983,0,130634
5984,0,130759
5985,0,130885
5986,0,131010
5987,0,131136
5988,0,131262
5989,0,131387
5990,0,131513
5991,0,131640
5992,0,131766
5993,0,131892
5994,0,132019
5995,0,132145
5996,0,132272
5997,0,132399
5998,0,132526
5999,0,132653
6000,0,132780
6001,0,132908
6002,0,133035
6003,0,133163
6004,0,133290
6005,0,133418
6006,0,133546
6007,0,133674
6008,0,133803
6009,0,133931
6010,0,134059
6011,0,134188
6012,0,134317
6013,0,134445
6014,0,134574
6015,0,134703
6016,0,134833
6017,0,134962
6018,0,135091
6019,0,135221
6020,0,135351
6021,0,135481
6022,0,135610
6023,0,135741
6024,0,135871
6025,0,136001
6026,0,136131
6027,0,136262
6028,0,136393
6029,0,136524
6030,0,136654
6031,0,136786
6032,0,136917
6033,0,137048
6034,0,137180
6035,0,137311
6036,0,137443
6037,0,137575
6038,0,137707
6039,0,137839
6040,0,137971
6041,0,138103
6042,0,138236
6043,0,138368
6044,0,138501
6045,0,138634
6046,0,138767
6047,0,138900
6048,0,139033
6049,0,139166
6050,0,139300
6051,0,139433
6052,0,139567
6053,0,139701
6054,0,139835
6055,0,139969
6056,0,140103
6057,0,140238
6058,0,140372
6059,0,140507
6060,0,140642
6061,0,140777
6062,0,140912
6063,0,141047
6064,0,141182
6065,0,141317
6066,0,141453
6067,0,141589
6068,0,141724
6069,0,141860
6070,0,141996
6071,0,142133
6072,0,142269
6073,0,142405
6074,0,142542
6075,0,142679
6076,0,142816
6077,0,142953
6078,0,143090
6079,0,143227
6080,0,143364
6081,0,143502
6082,0,143639
6083,0,143777
6084,0,143915
6085,0,144053
6086,0,144191
6087,0,144330
6088,0,144468
6089,0,144607
6090,0,144745
6091,0,144884
6092,0,145023
6093,0,145162
6094,0,145301
6095,0,145441
6096,0,145580
6097,0,145720
6098,0,145860
6099,0,146000
6100,0,146140
6101,0,146280
6102,0,146420
6103,0,146560
6104,0,146701
6105,0,146842
6106,0,146983
6107,0,147124
6108,0,147265
6109,0,147406
6110,0,147547
6111,0,147689
6112,0,147830
6113,0,147972
6114,0,148114
6115,0,148256
6116,0,148398
6117,0,148541
6118,0,148683
6119,0,148826
6120,0,148969
6121,0,149111
6122,0,149254
6123,0,149398
6124,0,149541
6125,0,149684
6126,0,149828
6127,0,149972
6128,0,150115
6129,0,150259
6130,0,150404
6131,0,150548
6132,0,150692
6133,0,150837
6134,0,150981
6135,0,151126
6136,0,151271
6137,0,151416
6138,0,151561
6139,0,151707
6140,0,151852
6141,0,151998
6142,0,152144
6143,0,152290
6144,0,152436
6145,0,152582
6146,0,152728
6147,0,152875
6148,0,153021
6149,0,153168
6150,0,153315
6151,0,153462
6152,0,153609
6153,0,153757
6154,0,153904
6155,0,154052
6156,0,154199
6157,0,154347
6158,0,154495
6159,0,154644
6160,0,154792
6161,0,154940
6162,0,155089
6163,0,155238
6164,0,155387
6165,0,155536
6166,0,155685
6167,0,155834
6168,0,155984
6169,0,156133
6170,0,156283
6171,0,156433
6172,0,156583
6173,0,156733
6174,0,156883
6175,0,157034
6176,0,157184
6177,0,157335
6178,0,157486
6179,0,157637
6180,0,157788
6181,0,157940
6182,0,158091
6183,0,158243
6184,0,158395
6185,0,158547
6186,0,158699
6187,0,158851
6188,0,159003
6189,0,159156
6190,0,159308
6191,0,159461
6192,0,159614
6193,0,159767
6194,0,159920
6195,0,160074
6196,0,160227
6197,0,160381
6198,0,160535
6199,0,160689
6200,0,160843
6201,0,160997
6202,0,161152
6203,0,161306
6204,0,161461
6205,0,161616
6206,0,161771
6207,0,161926
6208,0,162081
6209,0,162237
6210,0,162392
6211,0,162548
6212,0,162704
6213,0,162860
6214,0,163016
6215,0,163173
6216,0,163329
6217,0,163486
6218,0,163642
6219,0,163799
6220,0,163957
6221,0,164114
6222,0,164271
6223,0,164429
6224,0,164586
6225,0,164744
6226,0,164902
6227,0,165060
6228,0,165219
6229,0,165377
6230,0,165536
6231,0,165695
6232,0,165854
6233,0,166013
6234,0,166172
6235,0,166331
6236,0,166491
6237,0,166650
6238,0,166810
6239,0,166970
6240,0,167130
6241,0,167291
6242,0,167451
6243,0,167612
6244,0,167773
6245,0,167933
6246,0,168095
6247,0,168256
6248,0,168417
6249,0,168579
6250,0,168740
6251,0,168902
6252,0,169064
6253,0,169226
6254,0,169389
6255,0,169551
6256,0,169714
6257,0,169877
6258,0,170039
6259,0,170203
6260,0,170366
6261,0,170529
6262,0,170693
6263,0,170856
6264,0,171020
6265,0,171184
6266,0,171349
6267,0,171513
6268,0,171677
6269,0,171842
6270,0,172007
6271,0,172172
6272,0,172337
6273,0,172502
6274,0,172668
6275,0,172833
6276,0,172999
6277,0,173165
6278,0,173331
6279,0,173497
6280,0,173664
6281,0,173830
6282,0,173997
6283,0,174164
6284,0,174331
6285,0,174498
6286,0,174666
6287,0,174833
6288,0,175001
6289,0,175169
6290,0,175337
6291,0,175505
6292,0,175673
6293,0,175842
6294,0,176010
6295,0,176179
6296,0,176348
6297,0,176517
6298,0,176686
6299,0,176856
6300,0,177026
6301,0,177195
6302,0,177365
6303,0,177535
6304,0,177706
6305,0,177876
6306,0,178047
6307,0,178218
6308,0,178388
6309,0,178560
6310,0,178731
6311,0,178902
6312,0,179074
6313,0,179246
6314,0,179418
6315,0,179590
6316,0,179762
6317,0,179934
6318,0,180107
6319,0,180280
6320,0,180452
6321,0,180626
6322,0,180799
6323,0,180972
6324,0,181146
6325,0,181320
6326,0,181493
6327,0,181668
6328,0,181842
6329,0,182016
6330,0,182191
6331,0,182365
6332,0,182540
6333,0,182715
6334,0,182891
6335,0,183066
6336,0,183242
6337,0,183417
6338,0,183593
6339,0,183769
6340,0,183946
6341,0,184122
6342,0,184299
6343,0,184476
6344,0,184652
6345,0,184830
6346,0,185007
6347,0,185184
6348,0,185362
6349,0,185540
6350,0,185718
6351,0,185896
6352,0,186074
6353,0,186253
6354,0,186431
6355,0,186610
6356,0,186789
6357,0,186968
6358,0,187147
6359,0,187327
6360,0,187507
6361,0,187686
6362,0,187866
6363,0,188047
6364,0,188227
6365,0,188408
6366,0,188588
6367,0,188769
6368,0,188950
6369,0,189131
6370,0,189313
6371,0,189494
6372,0,189676
6373,0,189858
6374,0,190040
6375,0,190222
6376,0,190405
6377,0,190587
6378,0,190770
6379,0,190953
6380,0,191136
6381,0,191320
6382,0,191503
6383,0,191687
6384,0,191871
6385,0,192055
6386,0,192239
6387,0,192423
6388,0,192608
6389,0,192793
6390,0,192978
6391,0,193163
6392,0,193348
6393,0,193533
6394,0,193719
6395,0,193905
6396,0,194091
6397,0,194277
6398,0,194463
6399,0,194650
6400,0,194836
6401,0,195023
6402,0,195210
6403,0,195398
6404,0,195585
6405,0,195773
6406,0,195960
6407,0,196148
6408,0,196336
6409,0,196525
6410,0,196713
6411,0,196902
6412,0,197091
6413,0,197280
6414,0,197469
6415,0,197658
6416,0,197848
6417,0,198038
6418,0,198228
6419,0,198418
6420,0,198608
6421,0,198799
6422,0,198989
6423,0,199180
6424,0,199371
6425,0,199562
6426,0,199754
6427,0,199945
6428,0,200137
6429,0,200329
6430,0,200521
6431,0,200714
6432,0,200906
6433,0,201099
6434,0,201292
6435,0,201485
6436,0,201678
6437,0,201871
6438,0,202065
6439,0,202259
6440,0,202453
6441,0,202647
6442,0,202841
6443,0,203036
6444,0,203231
6445,0,203426
6446,0,203621
6447,0,203816
6448,0,204011
6449,0,204207
6450,0,204403
6451,0,204599
6452,0,204795
6453,0,204992
6454,0,205188
6455,0,205385
6456,0,205582
6457,0,205779
6458,0,205977
6459,0,206174
6460,0,206372
6461,0,206570
6462,0,206768
6463,0,206966
6464,0,207165
6465,0,207364
6466,0,207562
6467,0,207761
6468,0,207961
6469,0,208160
6470,0,208360
6471,0,208560
6472,0,208760
6473,0,208960
6474,0,209160
6475,0,209361
6476,0,209562
6477,0,209763
6478,0,209964
6479,0,210165
6480,0,210367
6481,0,210569
6482,0,210771
6483,0,210973
6484,0,211175
6485,0,211378
6486,0,211580
6487,0,211783
6488,0,211986
6489,0,212190
6490,0,212393
6491,0,212597
6492,0,212801
6493,0,213005
6494,0,213209
6495,0,213414
6496,0,213619
6497,0,213823
6498,0,214028
6499,0,214234
6500,0,214439
6501,0,214645
6502,0,214851
6503,0,215057
6504,0,215263
6505,0,215470
6506,0,215676
6507,0,215883
6508,0,216090
6509,0,216297
6510,0,216505
6511,0,216713
6512,0,216920
6513,0,217128
6514,0,217337
6515,0,217545
6516,0,217754
6517,0,217963
6518,0,218172
6519,0,218381
6520,0,218590
6521,0,218800
6522,0,219010
6523,0,219220
6524,0,219430
6525,0,219641
6526,0,219851
6527,0,220062
6528,0,220273
6529,0,220485
6530,0,220696
6531,0,220908
6532,0,221120
6533,0,221332
6534,0,221544
6535,0,221756
6536,0,221969
6537,0,222182
6538,0,222395
6539,0,222608
6540,0,222822
6541,0,223036
6542,0,223250
6543,0,223464
6544,0,223678
6545,0,223893
6546,0,224107
6547,0,224322
6548,0,224537
6549,0,224753
6550,0,224968
6551,0,225184
6552,0,225400
6553,0,225616
6554,0,225833
6555,0,226049
6556,0,226266
6557,0,226483
6558,0,226700
6559,0,226918
6560,0,227135
6561,0,227353
6562,0,227571
6563,0,227790
6564,0,228008
6565,0,228227
6566,0,228446
6567,0,228665
6568,0,228884
6569,0,229104
6570,0,229323
6571,0,229543
6572,0,229763
6573,0,229984
6574,0,230204
6575,0,230425
6576,0,230646
6577,0,230867
6578,0,231089
6579,0,231310
6580,0,231532
6581,0,231754
6582,0,231977
6583,0,232199
6584,0,232422
6585,0,232645
6586,0,232868
6587,0,233091
6588,0,233315
6589,0,233539
6590,0,233763
6591,0,233987
6592,0,234211
6593,0,234436
6594,0,234661
6595,0,234886
6596,0,235111
6597,0,235337
6598,0,235562
6599,0,235788
6600,0,236014
6601,0,236241
6602,0,236467
6603,0,236694
6604,0,236921
6605,0,237148
6606,0,237376
6607,0,237603
6608,0,237831
6609,0,238059
6610,0,238288
6611,0,238516
6612,0,238745
6613,0,238974
6614,0,239203
6615,0,239433
6616,0,239662
6617,0,239892
6618,0,240122
6619,0,240353
6620,0,240583
6621,0,240814
6622,0,241045
6623,0,241276
6624,0,241507
6625,0,241739
6626,0,241971
6627,0,242203
6628,0,242435
6629,0,242668
6630,0,242901
6631,0,243134
6632,0,243367
6633,0,243600
6634,0,243834
6635,0,244068
6636,0,244302
6637,0,244536
6638,0,244771
6639,0,245005
6640,0,245240
6641,0,245476
6642,0,245711
6643,0,245947
6644,0,246183
6645,0,246419
6646,0,246655
6647,0,246892
6648,0,247128
6649,0,247365
6650,0,247603
6651,0,247840
6652,0,248078
6653,0,248316
6654,0,248554
6655,0,248792
6656,0,249031
6657,0,249270
6658,0,249509
6659,0,249748
6660,0,249988
6661,0,250228
6662,0,250468
6663,0,250708
6664,0,250948
6665,0,251189
6666,0,251430
6667,0,251671
6668,0,251912
6669,0,252154
6670,0,252396
6671,0,252638
6672,0,252880
6673,0,253123
6674,0,253366
6675,0,253609
6676,0,253852
6677,0,254095
6678,0,254339
6679,0,254583
6680,0,254827
6681,0,255072
6682,0,255316
6683,0,255561
6684,0,255806
6685,0,256052
6686,0,256297
6687,0,256543
6688,0,256789
6689,0,257035
6690,0,257282
6691,0,257529
6692,0,257776
6693,0,258023
6694,0,258270
6695,0,258518
6696,0,258766
6697,0,259014
6698,0,259263
6699,0,259511
6700,0,259760
6701,0,260009
6702,0,260259
6703,0,260508
6704,0,260758
6705,0,261008
6706,0,261259
6707,0,261509
6708,0,261760
6709,0,262011
6710,0,262262
6711,0,262514
6712,0,262766
6713,0,263018
6714,0,263270
6715,0,263522
6716,0,263775
6717,0,264028
6718,0,264281
6719,0,264535
6720,0,264789
6721,0,265043
6722,0,265297
6723,0,265551
6724,0,265806
6725,0,266061
6726,0,266316
6727,0,266572
6728,0,266827
6729,0,267083
6730,0,267339
6731,0,267596
6732,0,267852
6733,0,268109
6734,0,268366
6735,0,268624
6736,0,268881
6737,0,269139
6738,0,269397
6739,0,269656
6740,0,269914
6741,0,270173
6742,0,270432
6743,0,270692
6744,0,270951
6745,0,271211
6746,0,271471
6747,0,271732
6748,0,271992
6749,0,272253
6750,0,272514
6751,0,272776
6752,0,273037
6753,0,273299
6754,0,273561
6755,0,273824
6756,0,274086
6757,0,274349
6758,0,274613
6759,0,274876
6760,0,275140
6761,0,275403
6762,0,275668
6763,0,275932
6764,0,276197
6765,0,276462
6766,0,276727
6767,0,276992
6768,0,277258
6769,0,277524
6770,0,277790
6771,0,278056
6772,0,278323
6773,0,278590
6774,0,278857
6775,0,279125
6776,0,279392
6777,0,279660
6778,0,279929
6779,0,280197
6780,0,280466
6781,0,280735
6782,0,281004
6783,0,281274
6784,0,281543
6785,0,281813
6786,0,282084
6787,0,282354
6788,0,282625
6789,0,282896
6790,0,283167
6791,0,283439
6792,0,283711
6793,0,283983
6794,0,284255
6795,0,284528
6796,0,284801
6797,0,285074
6798,0,285347
6799,0,285621
6800,0,285895
6801,0,286169
6802,0,286444
6803,0,286718
6804,0,286993
6805,0,287269
6806,0,287544
6807,0,287820
6808,0,288096
6809,0,288372
6810,0,288649
6811,0,288926
6812,0,289203
6813,0,289480
6814,0,289758
6815,0,290036
6816,0,290314
6817,0,290593
6818,0,290871
6819,0,291150
6820,0,291429
6821,0,291709
6822,0,291989
6823,0,292269
6824,0,292549
6825,0,292830
6826,0,293111
6827,0,293392
6828,0,293673
6829,0,293955
6830,0,294237
6831,0,294519
6832,0,294801
6833,0,295084
6834,0,295367
6835,0,295650
6836,0,295934
6837,0,296218
6838,0,296502
6839,0,296786
6840,0,297071
6841,0,297356
6842,0,297641
6843,0,297927
6844,0,298212
6845,0,298498
6846,0,298785
6847,0,299071
6848,0,299358
6849,0,299645
6850,0,299933
6851,0,300220
6852,0,300508
6853,0,300796
6854,0,301085
6855,0,301374
6856,0,301663
6857,0,301952
6858,0,302242
6859,0,302532
6860,0,302822
6861,0,303112
6862,0,303403
6863,0,303694
6864,0,303985
6865,0,304277
6866,0,304569
6867,0,304861
6868,0,305153
6869,0,305446
6870,0,305739
6871,0,306032
6872,0,306326
6873,0,306619
6874,0,306913
6875,0,307208
6876,0,307502
6877,0,307797
6878,0,308093
6879,0,308388
6880,0,308684
6881,0,308980
6882,0,309276
6883,0,309573
6884,0,309870
6885,0,310167
6886,0,310465
6887,0,310762
6888,0,311060
6889,0,311359
6890,0,311657
6891,0,311956
6892,0,312255
6893,0,312555
6894,0,312855
6895,0,313155
6896,0,313455
6897,0,313756
6898,0,314057
6899,0,314358
6900,0,314659
6901,0,314961
6902,0,315263
6903,0,315566
6904,0,315868
6905,0,316171
6906,0,316475
6907,0,316778
6908,0,317082
6909,0,317386
6910,0,317690
6911,0,317995
6912,0,318300
6913,0,318605
6914,0,318911
6915,0,319217
6916,0,319523
6917,0,319830
6918,0,320136
6919,0,320443
6920,0,320751
6921,0,321058
6922,0,321366
6923,0,321674
6924,0,321983
6925,0,322292
6926,0,322601
6927,0,322910
6928,0,323220
6929,0,323530
6930,0,323840
6931,0,324151
6932,0,324462
6933,0,324773
6934,0,325085
6935,0,325396
6936,0,325708
6937,0,326021
6938,0,326334
6939,0,326647
6940,0,326960
6941,0,327273
6942,0,327587
6943,0,327902
6944,0,328216
6945,0,328531
6946,0,328846
6947,0,329161
6948,0,329477
6949,0,329793
6950,0,330109
6951,0,330426
6952,0,330743
6953,0,331060
6954,0,331378
6955,0,331695
6956,0,332014
6957,0,332332
6958,0,332651
6959,0,332970
6960,0,333289
6961,0,333609
6962,0,333929
6963,0,334249
6964,0,334570
6965,0,334891
6966,0,335212
6967,0,335533
6968,0,335855
6969,0,336177
6970,0,336500
6971,0,336822
6972,0,337145
6973,0,337469
6974,0,337793
6975,0,338117
6976,0,338441
6977,0,338765
6978,0,339090
6979,0,339416
6980,0,339741
6981,0,340067
6982,0,340393
6983,0,340720
6984,0,341046
6985,0,341373
6986,0,341701
6987,0,342029
6988,0,342357
6989,0,342685
6990,0,343014
6991,0,343343
6992,0,343672
6993,0,344002
6994,0,344332
6995,0,344662
6996,0,344992
6997,0,345323
6998,0,345655
6999,0,345986
7000,0,346318
7001,0,346650
7002,0,346983
7003,0,347315
7004,0,347648
7005,0,347982
7006,0,348316
7007,0,348650
7008,0,348984
7009,0,349319
7010,0,349654
7011,0,349989
7012,0,350325
7013,0,350661
7014,0,350997
7015,0,351334
7016,0,351671
7017,0,352008
7018,0,352346
7019,0,352684
7020,0,353022
7021,0,353361
7022,0,353699
7023,0,354039
7024,0,354378
7025,0,354718
7026,0,355058
7027,0,355399
7028,0,355740
7029,0,356081
7030,0,356423
7031,0,356764
7032,0,357107
7033,0,357449
7034,0,357792
7035,0,358135
7036,0,358479
7037,0,358822
7038,0,359167
7039,0,359511
7040,0,359856
7041,0,360201
7042,0,360546
7043,0,360892
7044,0,361238
7045,0,361585
7046,0,361932
7047,0,362279
7048,0,362626
7049,0,362974
7050,0,363322
7051,0,363671
7052,0,364020
7053,0,364369
7054,0,364718
7055,0,365068
7056,0,365418
7057,0,365769
7058,0,366119
7059,0,366471
7060,0,366822
7061,0,367174
7062,0,367526
7063,0,367878
7064,0,368231
7065,0,368585
7066,0,368938
7067,0,369292
7068,0,369646
7069,0,370001
7070,0,370355
7071,0,370711
7072,0,371066
7073,0,371422
7074,0,371778
7075,0,372135
7076,0,372492
7077,0,372849
7078,0,373207
7079,0,373565
7080,0,373923
7081,0,374282
7082,0,374641
7083,0,375000
7084,0,375360
7085,0,375720
7086,0,376080
7087,0,376441
7088,0,376802
7089,0,377163
7090,0,377525
7091,0,377887
7092,0,378249
7093,0,378612
7094,0,378975
7095,0,379339
7096,0,379703
7097,0,380067
7098,0,380431
7099,0,380796
7100,0,381162
7101,0,381527
7102,0,381893
7103,0,382259
7104,0,382626
7105,0,382993
7106,0,383360
7107,0,383728
7108,0,384096
7109,0,384464
7110,0,384833
7111,0,385202
7112,0,385572
7113,0,385941
7114,0,386312
7115,0,386682
7116,0,387053
7117,0,387424
7118,0,387796
7119,0,388168
7120,0,388540
7121,0,388913
7122,0,389286
7123,0,389659
7124,0,390033
7125,0,390407
7126,0,390781
7127,0,391156
7128,0,391531
7129,0,391907
7130,0,392283
7131,0,392659
7132,0,393036
7133,0,393413
7134,0,393790
7135,0,394168
7136,0,394546
7137,0,394924
7138,0,395303
7139,0,395682
7140,0,396062
7141,0,396441
7142,0,396822
7143,0,397202
7144,0,397583
7145,0,397965
7146,0,398346
7147,0,398728
7148,0,399111
7149,0,399494
7150,0,399877
7151,0,400260
7152,0,400644
7153,0,401028
7154,0,401413
7155,0,401798
7156,0,402183
7157,0,402569
7158,0,402955
7159,0,403342
7160,0,403729
7161,0,404116
7162,0,404503
7163,0,404891
7164,0,405280
7165,0,405668
7166,0,406058
7167,0,406447
7168,0,406837
7169,0,407227
7170,0,407618
7171,0,408009
7172,0,408400
7173,0,408792
7174,0,409184
7175,0,409576
7176,0,409969
7177,0,410362
7178,0,410756
7179,0,411150
7180,0,411544
7181,0,411939
7182,0,412334
7183,0,412729
7184,0,413125
7185,0,413521
7186,0,413918
7187,0,414315
7188,0,414712
7189,0,415110
7190,0,415508
7191,0,415907
7192,0,416306
7193,0,416705
7194,0,417105
7195,0,417505
7196,0,417905
7197,0,418306
7198,0,418707
7199,0,419109
7200,0,419511
7201,0,419913
7202,0,420316
7203,0,420719
7204,0,421123
7205,0,421526
7206,0,421931
7207,0,422335
7208,0,422741
7209,0,423146
7210,0,423552
7211,0,423958
7212,0,424365
7213,0,424772
7214,0,425179
7215,0,425587
7216,0,425995
7217,0,426404
7218,0,426813
7219,0,427222
7220,0,427632
7221,0,428042
7222,0,428452
7223,0,428863
7224,0,429275
7225,0,429686
7226,0,430099
7227,0,430511
7228,0,430924
7229,0,431337
7230,0,431751
7231,0,432165
7232,0,432580
7233,0,432995
7234,0,433410
7235,0,433826
7236,0,434242
7237,0,434658
7238,0,435075
7239,0,435492
7240,0,435910
7241,0,436328
7242,0,436747
7243,0,437165
7244,0,437585
7245,0,438004
7246,0,438425
7247,0,438845
7248,0,439266
7249,0,439687
7250,0,440109
7251,0,440531
7252,0,440954
7253,0,441377
7254,0,441800
7255,0,442224
7256,0,442648
7257,0,443072
7258,0,443497
7259,0,443923
7260,0,444348
7261,0,444775
7262,0,445201
7263,0,445628
7264,0,446056
7265,0,446483
7266,0,446912
7267,0,447340
7268,0,447769
7269,0,448199
7270,0,448629
7271,0,449059
7272,0,449490
7273,0,449921
7274,0,450352
7275,0,450784
7276,0,451217
7277,0,451649
7278,0,452083
7279,0,452516
7280,0,452950
7281,0,453385
7282,0,453819
7283,0,454255
7284,0,454690
7285,0,455127
7286,0,455563
7287,0,456000
7288,0,456437
7289,0,456875
7290,0,457313
7291,0,457752
7292,0,458191
7293,0,458630
7294,0,459070
7295,0,459511
7296,0,459951
7297,0,460393
7298,0,460834
7299,0,461276
7300,0,461719
7301,0,462161
7302,0,462605
7303,0,463048
7304,0,463492
7305,0,463937
7306,0,464382
7307,0,464827
7308,0,465273
7309,0,465719
7310,0,466166
7311,0,466613
7312,0,467061
7313,0,467509
7314,0,467957
7315,0,468406
7316,0,468855
7317,0,469305
7318,0,469755
7319,0,470206
7320,0,470657
7321,0,471108
7322,0,471560
7323,0,472012
7324,0,472465
7325,0,472918
7326,0,473372
7327,0,473826
7328,0,474280
7329,0,474735
7330,0,475190
7331,0,475646
7332,0,476102
7333,0,476559
7334,0,477016
7335,0,477473
7336,0,477931
7337,0,478390
7338,0,478849
7339,0,479308
7340,0,479768
7341,0,480228
7342,0,480688
7343,0,481149
7344,0,481611
7345,0,482073
7346,0,482535
7347,0,482998
7348,0,483461
7349,0,483925
7350,0,484389
7351,0,484854
7352,0,485319
7353,0,485784
7354,0,486250
7355,0,486716
7356,0,487183
7357,0,487651
7358,0,488118
7359,0,488586
7360,0,489055
7361,0,489524
7362,0,489994
7363,0,490464
7364,0,490934
7365,0,491405
7366,0,491876
7367,0,492348
7368,0,492820
7369,0,493293
7370,0,493766
7371,0,494240
7372,0,494714
7373,0,495188
7374,0,495663
7375,0,496138
7376,0,496614
7377,0,497091
7378,0,497567
7379,0,498045
7380,0,498522
7381,0,499000
7382,0,499479
7383,0,499958
7384,0,500438
7385,0,500918
7386,0,501398
7387,0,501879
7388,0,502360
7389,0,502842
7390,0,503324
7391,0,503807
7392,0,504290
7393,0,504774
7394,0,505258
7395,0,505743
7396,0,506228
7397,0,506713
7398,0,507199
7399,0,507686
7400,0,508173
7401,0,508660
7402,0,509148
7403,0,509636
7404,0,510125
7405,0,510614
7406,0,511104
7407,0,511594
7408,0,512085
7409,0,512576
7410,0,513068
7411,0,513560
7412,0,514053
7413,0,514546
7414,0,515039
7415,0,515533
7416,0,516028
7417,0,516522
7418,0,517018
7419,0,517514
7420,0,518010
7421,0,518507
7422,0,519004
7423,0,519502
7424,0,520000
7425,0,520499
7426,0,520998
7427,0,521498
7428,0,521998
7429,0,522499
7430,0,523000
7431,0,523502
7432,0,524004
7433,0,524506
7434,0,525009
7435,0,525513
7436,0,526017
7437,0,526521
7438,0,527026
7439,0,527532
7440,0,528038
7441,0,528544
7442,0,529051
7443,0,529559
7444,0,530067
7445,0,530575
7446,0,531084
7447,0,531593
7448,0,532103
7449,0,532613
7450,0,533124
7451,0,533636
7452,0,534147
7453,0,534660
7454,0,535173
7455,0,535686
7456,0,536200
7457,0,536714
7458,0,537229
7459,0,537744
7460,0,538260
7461,0,538776
7462,0,539293
7463,0,539810
7464,0,540328
7465,0,540846
7466,0,541365
7467,0,541884
7468,0,542404
7469,0,542924
7470,0,543445
7471,0,543966
7472,0,544488
7473,0,545010
7474,0,545533
7475,0,546056
7476,0,546579
7477,0,547104
7478,0,547628
7479,0,548154
7480,0,548679
7481,0,549206
7482,0,549732
7483,0,550260
7484,0,550787
7485,0,551316
7486,0,551845
7487,0,552374
7488,0,552904
7489,0,553434
7490,0,553965
7491,0,554496
7492,0,555028
7493,0,555560
7494,0,556093
7495,0,556626
7496,0,557160
7497,0,557695
7498,0,558230
7499,0,558765
7500,0,559301
7501,0,559837
7502,0,560374
7503,0,560912
7504,0,561450
7505,0,561988
7506,0,562527
7507,0,563067
7508,0,563607
7509,0,564147
7510,0,564688
7511,0,565230
7512,0,565772
7513,0,566315
7514,0,566858
7515,0,567402
7516,0,567946
7517,0,568491
7518,0,569036
7519,0,569582
7520,0,570128
7521,0,570675
7522,0,571222
7523,0,571770
7524,0,572318
7525,0,572867
7526,0,573417
7527,0,573967
7528,0,574517
7529,0,575068
7530,0,575620
7531,0,576172
7532,0,576725
7533,0,577278
7534,0,577831
7535,0,578386
7536,0,578940
7537,0,579496
7538,0,580051
7539,0,580608
7540,0,581165
7541,0,581722
7542,0,582280
7543,0,582838
7544,0,583397
7545,0,583957
7546,0,584517
7547,0,585078
7548,0,585639
7549,0,586201
7550,0,586763
7551,0,587326
7552,0,587889
7553,0,588453
7554,0,589017
7555,0,589582
7556,0,590148
7557,0,590714
7558,0,591280
7559,0,591847
7560,0,592415
7561,0,592983
7562,0,593552
7563,0,594121
7564,0,594691
7565,0,595261
7566,0,595832
7567,0,596404
7568,0,596976
7569,0,597548
7570,0,598122
7571,0,598695
7572,0,599269
7573,0,599844
7574,0,600419
7575,0,600995
7576,0,601572
7577,0,602149
7578,0,602726
7579,0,603304
7580,0,603883
7581,0,604462
7582,0,605042
7583,0,605622
7584,0,606203
7585,0,606785
7586,0,607367
7587,0,607949
7588,0,608532
7589,0,609116
7590,0,609700
7591,0,610285
7592,0,610870
7593,0,611456
7594,0,612043
7595,0,612630
7596,0,613217
7597,0,613805
7598,0,614394
7599,0,614983
7600,0,615573
7601,0,616164
7602,0,616755
7603,0,617346
7604,0,617938
7605,0,618531
7606,0,619124
7607,0,619718
7608,0,620312
7609,0,620907
7610,0,621503
7611,0,622099
7612,0,622696
7613,0,623293
7614,0,623891
7615,0,624489
7616,0,625088
7617,0,625687
7618,0,626288
7619,0,626888
7620,0,627490
7621,0,628091
7622,0,628694
7623,0,629297
7624,0,629900
7625,0,630504
7626,0,631109
7627,0,631715
7628,0,632320
7629,0,632927
7630,0,633534
7631,0,634142
7632,0,634750
7633,0,635359
7634,0,635968
7635,0,636578
7636,0,637189
7637,0,637800
7638,0,638411
7639,0,639024
7640,0,639637
7641,0,640250
7642,0,640864
7643,0,641479
7644,0,642094
7645,0,642710
7646,0,643326
7647,0,643943
7648,0,644561
7649,0,645179
7650,0,645798
7651,0,646417
7652,0,647037
7653,0,647658
7654,0,648279
7655,0,648901
7656,0,649523
7657,0,650146
7658,0,650770
7659,0,651394
7660,0,652019
7661,0,652644
7662,0,653270
7663,0,653897
7664,0,654524
7665,0,655152
7666,0,655780
7667,0,656409
7668,0,657039
7669,0,657669
7670,0,658300
7671,0,658931
7672,0,659563
7673,0,660196
7674,0,660829
7675,0,661463
7676,0,662097
7677,0,662732
7678,0,663368
7679,0,664004
7680,0,664641
7681,0,665278
7682,0,665916
7683,0,666555
7684,0,667194
7685,0,667834
7686,0,668475
7687,0,669116
7688,0,669758
7689,0,670400
7690,0,671043
7691,0,671687
7692,0,672331
7693,0,672976
7694,0,673621
7695,0,674267
7696,0,674914
7697,0,675561
7698,0,676209
7699,0,676858
7700,0,677507
7701,0,678157
7702,0,678807
7703,0,679458
7704,0,680110
7705,0,680762
7706,0,681415
7707,0,682069
7708,0,682723
7709,0,683378
7710,0,684033
7711,0,684689
7712,0,685346
7713,0,686003
7714,0,686661
7715,0,687320
7716,0,687979
7717,0,688639
7718,0,689299
7719,0,689961
7720,0,690622
7721,0,691285
7722,0,691948
7723,0,692611
7724,0,693276
7725,0,693941
7726,0,694606
7727,0,695272
7728,0,695939
7729,0,696607
7730,0,697275
7731,0,697944
7732,0,698613
7733,0,699283
7734,0,699954
7735,0,700625
7736,0,701297
7737,0,701970
7738,0,702643
7739,0,703317
7740,0,703992
7741,0,704667
7742,0,705343
7743,0,706019
7744,0,706696
7745,0,707374
7746,0,708053
7747,0,708732
7748,0,709411
7749,0,710092
7750,0,710773
7751,0,711455
7752,0,712137
7753,0,712820
7754,0,713504
7755,0,714188
7756,0,714873
7757,0,715559
7758,0,716245
7759,0,716932
7760,0,717620
7761,0,718308
7762,0,718997
7763,0,719686
7764,0,720377
7765,0,721068
7766,0,721759
7767,0,722451
7768,0,723144
7769,0,723838
7770,0,724532
7771,0,725227
7772,0,725923
7773,0,726619
7774,0,727316
7775,0,728013
7776,0,728712
7777,0,729411
7778,0,730110
7779,0,730810
7780,0,731511
7781,0,732213
7782,0,732915
7783,0,733618
7784,0,734322
7785,0,735026
7786,0,735731
7787,0,736437
7788,0,737143
7789,0,737850
7790,0,738558
7791,0,739266
7792,0,739975
7793,0,740685
7794,0,741395
7795,0,742106
7796,0,742818
7797,0,743531
7798,0,744244
7799,0,744958
7800,0,745672
7801,0,746387
7802,0,747103
7803,0,747820
7804,0,748537
7805,0,749255
7806,0,749974
7807,0,750693
7808,0,751413
7809,0,752134
7810,0,752855
7811,0,753577
7812,0,754300
7813,0,755023
7814,0,755747
7815,0,756472
7816,0,757198
7817,0,757924
7818,0,758651
7819,0,759379
7820,0,760107
7821,0,760836
7822,0,761566
7823,0,762296
7824,0,763027
7825,0,763759
7826,0,764492
7827,0,765225
7828,0,765959
7829,0,766694
7830,0,767429
7831,0,768165
7832,0,768902
7833,0,769639
7834,0,770377
7835,0,771116
7836,0,771856
7837,0,772596
7838,0,773337
7839,0,774079
7840,0,774821
7841,0,775564
7842,0,776308
7843,0,777053
7844,0,777798
7845,0,778544
7846,0,779291
7847,0,780038
7848,0,780786
7849,0,781535
7850,0,782285
7851,0,783035
7852,0,783786
7853,0,784538
7854,0,785290
7855,0,786044
7856,0,786798
7857,0,787552
7858,0,788308
7859,0,789064
7860,0,789820
7861,0,790578
7862,0,791336
7863,0,792095
7864,0,792855
7865,0,793615
7866,0,794377
7867,0,795138
7868,0,795901
7869,0,796664
7870,0,797429
7871,0,798193
7872,0,798959
7873,0,799725
7874,0,800492
7875,0,801260
7876,0,802029
7877,0,802798
7878,0,803568
7879,0,804339
7880,0,805110
7881,0,805882
7882,0,806655
7883,0,807429
7884,0,808203
7885,0,808978
7886,0,809754
7887,0,810531
7888,0,811308
7889,0,812086
7890,0,812865
7891,0,813645
7892,0,814425
7893,0,815207
7894,0,815988
7895,0,816771
7896,0,817554
7897,0,818339
7898,0,819123
7899,0,819909
7900,0,820695
7901,0,821483
7902,0,822270
7903,0,823059
7904,0,823849
7905,0,824639
7906,0,825430
7907,0,826221
7908,0,827014
7909,0,827807
7910,0,828601
7911,0,829396
7912,0,830191
7913,0,830987
7914,0,831784
7915,0,832582
7916,0,833381
7917,0,834180
7918,0,834980
7919,0,835781
7920,0,836583
7921,0,837385
7922,0,838188
7923,0,838992
7924,0,839797
7925,0,840602
7926,0,841409
7927,0,842216
7928,0,843023
7929,0,843832
7930,0,844641
7931,0,845451
7932,0,846262
7933,0,847074
7934,0,847886
7935,0,848700
7936,0,849514
7937,0,850328
7938,0,851144
7939,0,851960
7940,0,852777
7941,0,853595
7942,0,854414
7943,0,855233
7944,0,856054
7945,0,856875
7946,0,857697
7947,0,858519
7948,0,859343
7949,0,860167
7950,0,860992
7951,0,861818
7952,0,862644
7953,0,863472
7954,0,864300
7955,0,865129
7956,0,865959
7957,0,866789
7958,0,867621
7959,0,868453
7960,0,869286
7961,0,870119
7962,0,870954
7963,0,871789
7964,0,872625
7965,0,873462
7966,0,874300
7967,0,875139
7968,0,875978
7969,0,876818
7970,0,877659
7971,0,878501
7972,0,879344
7973,0,880187
7974,0,881031
7975,0,881876
7976,0,882722
7977,0,883569
7978,0,884416
7979,0,885264
7980,0,886113
7981,0,886963
7982,0,887814
7983,0,888666
7984,0,889518
7985,0,890371
7986,0,891225
7987,0,892080
7988,0,892935
7989,0,893792
7990,0,894649
7991,0,895507
7992,0,896366
7993,0,897226
7994,0,898086
7995,0,898948
7996,0,899810
7997,0,900673
7998,0,901537
7999,0,902402
8000,0,903267
8001,0,904133
8002,0,905001
8003,0,905869
8004,0,906737
8005,0,907607
8006,0,908478
8007,0,909349
8008,0,910221
8009,0,911094
8010,0,911968
8011,0,912843
8012,0,913718
8013,0,914595
8014,0,915472
8015,0,916350
8016,0,917229
8017,0,918108
8018,0,918989
8019,0,919870
8020,0,920753
8021,0,921636
8022,0,922520
8023,0,923405
8024,0,924290
8025,0,925177
8026,0,926064
8027,0,926952
8028,0,927841
8029,0,928731
8030,0,929622
8031,0,930514
8032,0,931406
8033,0,932299
8034,0,933194
8035,0,934089
8036,0,934985
8037,0,935881
8038,0,936779
8039,0,937677
8040,0,938577
8041,0,939477
8042,0,940378
8043,0,941280
8044,0,942183
8045,0,943086
8046,0,943991
8047,0,944896
8048,0,945803
8049,0,946710
8050,0,947618
8051,0,948527
8052,0,949436
8053,0,950347
8054,0,951259
8055,0,952171
8056,0,953084
8057,0,953998
8058,0,954913
8059,0,955829
8060,0,956746
8061,0,957664
8062,0,958582
8063,0,959501
8064,0,960422
8065,0,961343
8066,0,962265
8067,0,963188
8068,0,964112
8069,0,965036
8070,0,965962
8071,0,966888
8072,0,967816
8073,0,968744
8074,0,969673
8075,0,970603
8076,0,971534
8077,0,972466
8078,0,973399
8079,0,974332
8080,0,975267
8081,0,976202
8082,0,977139
8083,0,978076
8084,0,979014
8085,0,979953
8086,0,980893
8087,0,981833
8088,0,982775
8089,0,983718
8090,0,984661
8091,0,985606
8092,0,986551
8093,0,987497
8094,0,988444
8095,0,989392
8096,0,990341
8097,0,991291
8098,0,992242
8099,0,993194
8100,0,994146
8101,0,995100
8102,0,996054
8103,0,997010
8104,0,997966
8105,0,998923
8106,0,999881
8107,0,1000840
8108,0,1001800
8109,0,1002761
8110,0,1003723
8111,0,1004685
8112,0,1005649
8113,0,1006613
8114,0,1007579
8115,0,1008545
8116,0,1009513
8117,0,1010481
8118,0,1011450
8119,0,1012420
8120,0,1013391
8121,0,1014363
8122,0,1015336
8123,0,1016310
8124,0,1017285
8125,0,1018260
8126,0,1019237
8127,0,1020214
8128,0,1021193
8129,0,1022172
8130,0,1023153
8131,0,1024134
8132,0,1025116
8133,0,1026100
8134,0,1027084
8135,0,1028069
8136,0,1029055
8137,0,1030042
8138,0,1031030
8139,0,1032019
8140,0,1033009
8141,0,1033999
8142,0,1034991
8143,0,1035984
8144,0,1036977
8145,0,1037972
8146,0,1038968
8147,0,1039964
8148,0,1040961
8149,0,1041960
8150,0,1042959
8151,0,1043960
8152,0,1044961
8153,0,1045963
8154,0,1046966
8155,0,1047970
8156,0,1048976
8157,0,1049982
8158,0,1050989
8159,0,1051997
8160,0,1053006
8161,0,1054016
8162,0,1055027
8163,0,1056039
8164,0,1057051
8165,0,1058065
8166,0,1059080
8167,0,1060096
8168,0,1061113
8169,0,1062130
8170,0,1063149
8171,0,1064169
8172,0,1065189
8173,0,1066211
8174,0,1067234
8175,0,1068257
8176,0,1069282
8177,0,1070307
8178,0,1071334
8179,0,1072362
8180,0,1073390
8181,0,1074420
8182,0,1075450
8183,0,1076482
8184,0,1077514
8185,0,1078548
8186,0,1079582
8187,0,1080617
8188,0,1081654
8189,0,1082691
8190,0,1083730
8191,0,1084769
8192,0,1085810
8193,0,1086851
8194,0,1087893
8195,0,1088937
8196,0,1089981
8197,0,1091027
8198,0,1092073
8199,0,1093121
8200,0,1094169
8201,0,1095218
8202,0,1096269
8203,0,1097320
8204,0,1098373
8205,0,1099426
8206,0,1100481
8207,0,1101536
8208,0,1102593
8209,0,1103650
8210,0,1104709
8211,0,1105768
8212,0,1106829
8213,0,1107890
8214,0,1108953
8215,0,1110017
8216,0,1111081
8217,0,1112147
8218,0,1113214
8219,0,1114281
8220,0,1115350
8221,0,1116420
8222,0,1117491
8223,0,1118562
8224,0,1119635
8225,0,1120709
8226,0,1121784
8227,0,1122860
8228,0,1123937
8229,0,1125015
8230,0,1126094
8231,0,1127174
8232,0,1128255
8233,0,1129337
8234,0,1130420
8235,0,1131505
8236,0,1132590
8237,0,1133676
8238,0,1134764
8239,0,1135852
8240,0,1136941
8241,0,1138032
8242,0,1139123
8243,0,1140216
8244,0,1141309
8245,0,1142404
8246,0,1143500
8247,0,1144597
8248,0,1145694
8249,0,1146793
8250,0,1147893
8251,0,1148994
8252,0,1150096
8253,0,1151199
8254,0,1152303
8255,0,1153409
8256,0,1154515
8257,0,1155622
8258,0,1156731
8259,0,1157840
8260,0,1158950
8261,0,1160062
8262,0,1161175
8263,0,1162288
8264,0,1163403
8265,0,1164519
8266,0,1165636
8267,0,1166754
8268,0,1167873
8269,0,1168993
8270,0,1170114
8271,0,1171237
8272,0,1172360
8273,0,1173484
8274,0,1174610
8275,0,1175736
8276,0,1176864
8277,0,1177993
8278,0,1179123
8279,0,1180254
8280,0,1181386
8281,0,1182519
8282,0,1183653
8283,0,1184788
8284,0,1185925
8285,0,1187062
8286,0,1188201
8287,0,1189340
8288,0,1190481
8289,0,1191623
8290,0,1192766
8291,0,1193910
8292,0,1195055
8293,0,1196201
8294,0,1197348
8295,0,1198497
8296,0,1199646
8297,0,1200797
8298,0,1201948
8299,0,1203101
8300,0,1204255
8301,0,1205410
8302,0,1206566
8303,0,1207724
8304,0,1208882
8305,0,1210041
8306,0,1211202
8307,0,1212364
8308,0,1213526
8309,0,1214690
8310,0,1215855
8311,0,1217022
8312,0,1218189
8313,0,1219357
8314,0,1220527
8315,0,1221697
8316,0,1222869
8317,0,1224042
8318,0,1225216
8319,0,1226391
8320,0,1227567
8321,0,1228745
8322,0,1229923
8323,0,1231103
8324,0,1232284
8325,0,1233466
8326,0,1234649
8327,0,1235833
8328,0,1237018
8329,0,1238205
8330,0,1239392
8331,0,1240581
8332,0,1241771
8333,0,1242962
8334,0,1244154
8335,0,1245347
8336,0,1246542
8337,0,1247737
8338,0,1248934
8339,0,1250132
8340,0,1251331
8341,0,1252531
8342,0,1253732
8343,0,1254935
8344,0,1256139
8345,0,1257343
8346,0,1258549
8347,0,1259756
8348,0,1260965
8349,0,1262174
8350,0,1263385
8351,0,1264596
8352,0,1265809
8353,0,1267023
8354,0,1268239
8355,0,1269455
8356,0,1270673
8357,0,1271891
8358,0,1273111
8359,0,1274332
8360,0,1275554
8361,0,1276778
8362,0,1278002
8363,0,1279228
8364,0,1280455
8365,0,1281683
8366,0,1282913
8367,0,1284143
8368,0,1285375
8369,0,1286607
8370,0,1287841
8371,0,1289077
8372,0,1290313
8373,0,1291551
8374,0,1292789
8375,0,1294029
8376,0,1295270
8377,0,1296513
8378,0,1297756
8379,0,1299001
8380,0,1300247
8381,0,1301494
8382,0,1302742
8383,0,1303992
8384,0,1305242
8385,0,1306494
8386,0,1307747
8387,0,1309002
8388,0,1310257
8389,0,1311514
8390,0,1312772
8391,0,1314031
8392,0,1315291
8393,0,1316553
8394,0,1317815
8395,0,1319079
8396,0,1320345
8397,0,1321611
8398,0,1322879
8399,0,1324147
8400,0,1325417
8401,0,1326689
8402,0,1327961
8403,0,1329235
8404,0,1330510
8405,0,1331786
8406,0,1333063
8407,0,1334342
8408,0,1335621
8409,0,1336902
8410,0,1338185
8411,0,1339468
8412,0,1340753
8413,0,1342039
8414,0,1343326
8415,0,1344614
8416,0,1345904
8417,0,1347195
8418,0,1348487
8419,0,1349780
8420,0,1351075
8421,0,1352371
8422,0,1353668
8423,0,1354966
8424,0,1356266
8425,0,1357567
8426,0,1358869
8427,0,1360172
8428,0,1361477
8429,0,1362782
8430,0,1364090
8431,0,1365398
8432,0,1366707
8433,0,1368018
8434,0,1369330
8435,0,1370644
8436,0,1371958
8437,0,1373274
8438,0,1374591
8439,0,1375910
8440,0,1377229
8441,0,1378550
8442,0,1379873
8443,0,1381196
8444,0,1382521
8445,0,1383847
8446,0,1385174
8447,0,1386503
8448,0,1387832
8449,0,1389164
8450,0,1390496
8451,0,1391830
8452,0,1393164
8453,0,1394501
8454,0,1395838
8455,0,1397177
8456,0,1398517
8457,0,1399858
8458,0,1401201
8459,0,1402545
8460,0,1403890
8461,0,1405237
8462,0,1406584
8463,0,1407934
8464,0,1409284
8465,0,1410636
8466,0,1411989
8467,0,1413343
8468,0,1414698
8469,0,1416055
8470,0,1417413
8471,0,1418773
8472,0,1420134
8473,0,1421496
8474,0,1422859
8475,0,1424224
8476,0,1425590
8477,0,1426957
8478,0,1428326
8479,0,1429696
8480,0,1431067
8481,0,1432440
8482,0,1433813
8483,0,1435189
8484,0,1436565
8485,0,1437943
8486,0,1439322
8487,0,1440703
8488,0,1442084
8489,0,1443468
8490,0,1444852
8491,0,1446238
8492,0,1447625
8493,0,1449013
8494,0,1450403
8495,0,1451794
8496,0,1453187
8497,0,1454580
8498,0,1455976
8499,0,1457372
8500,0,1458770
8501,0,1460169
8502,0,1461569
8503,0,1462971
8504,0,1464374
8505,0,1465779
8506,0,1467185
8507,0,1468592
8508,0,1470001
8509,0,1471410
8510,0,1472822
8511,0,1474234
8512,0,1475648
8513,0,1477064
8514,0,1478480
8515,0,1479898
8516,0,1481318
8517,0,1482739
8518,0,1484161
8519,0,1485584
8520,0,1487009
8521,0,1488435
8522,0,1489863
8523,0,1491292
8524,0,1492722
8525,0,1494154
8526,0,1495587
8527,0,1497021
8528,0,1498457
8529,0,1499894
8530,0,1501333
8531,0,1502773
8532,0,1504214
8533,0,1505657
8534,0,1507101
8535,0,1508547
8536,0,1509993
8537,0,1511442
8538,0,1512891
8539,0,1514342
8540,0,1515795
8541,0,1517249
8542,0,1518704
8543,0,1520161
8544,0,1521619
8545,0,1523078
8546,0,1524539
8547,0,1526001
8548,0,1527465
8549,0,1528930
8550,0,1530396
8551,0,1531864
8552,0,1533333
8553,0,1534804
8554,0,1536276
8555,0,1537749
8556,0,1539224
8557,0,1540701
8558,0,1542178
8559,0,1543657
8560,0,1545138
8561,0,1546620
8562,0,1548103
8563,0,1549588
8564,0,1551074
8565,0,1552562
8566,0,1554051
8567,0,1555542
8568,0,1557034
8569,0,1558527
8570,0,1560022
8571,0,1561518
8572,0,1563016
8573,0,1564515
8574,0,1566015
8575,0,1567517
8576,0,1569021
8577,0,1570526
8578,0,1572032
8579,0,1573540
8580,0,1575049
8581,0,1576560
8582,0,1578072
8583,0,1579585
8584,0,1581100
8585,0,1582617
8586,0,1584135
8587,0,1585654
8588,0,1587175
8589,0,1588697
8590,0,1590221
8591,0,1591746
8592,0,1593273
8593,0,1594801
8594,0,1596331
8595,0,1597862
8596,0,1599394
8597,0,1600928
8598,0,1602464
8599,0,1604001
8600,0,1605539
8601,0,1607079
8602,0,1608620
8603,0,1610163
8604,0,1611708
8605,0,1613253
8606,0,1614801
8607,0,1616350
8608,0,1617900
8609,0,1619452
8610,0,1621005
8611,0,1622560
8612,0,1624116
8613,0,1625674
8614,0,1627233
8615,0,1628793
8616,0,1630356
8617,0,1631919
8618,0,1633485
8619,0,1635051
8620,0,1636620
8621,0,1638189
8622,0,1639760
8623,0,1641333
8624,0,1642907
8625,0,1644483
8626,0,1646060
8627,0,1647639
8628,0,1649219
8629,0,1650801
8630,0,1652385
8631,0,1653969
8632,0,1655556
8633,0,1657144
8634,0,1658733
8635,0,1660324
8636,0,1661916
8637,0,1663510
8638,0,1665106
8639,0,1666703
8640,0,1668302
8641,0,1669902
8642,0,1671503
8643,0,1673106
8644,0,1674711
8645,0,1676317
8646,0,1677925
8647,0,1679535
8648,0,1681145
8649,0,1682758
8650,0,1684372
8651,0,1685987
8652,0,1687604
8653,0,1689223
8654,0,1690843
8655,0,1692465
8656,0,1694088
8657,0,1695713
8658,0,1697339
8659,0,1698967
8660,0,1700597
8661,0,1702228
8662,0,1703861
8663,0,1705495
8664,0,1707131
8665,0,1708768
8666,0,1710407
8667,0,1712047
8668,0,1713689
8669,0,1715333
8670,0,1716978
8671,0,1718625
8672,0,1720273
8673,0,1721923
8674,0,1723575
8675,0,1725228
8676,0,1726883
8677,0,1728539
8678,0,1730197
8679,0,1731856
8680,0,1733517
8681,0,1735180
8682,0,1736844
8683,0,1738510
8684,0,1740178
8685,0,1741847
8686,0,1743517
8687,0,1745189
8688,0,1746863
8689,0,1748539
8690,0,1750216
8691,0,1751895
8692,0,1753575
8693,0,1755257
8694,0,1756940
8695,0,1758625
8696,0,1760312
8697,0,1762000
8698,0,1763690
8699,0,1765382
8700,0,1767075
8701,0,1768770
8702,0,1770466
8703,0,1772165
8704,0,1773864
8705,0,1775566
8706,0,1777269
8707,0,1778973
8708,0,1780679
8709,0,1782387
8710,0,1784097
8711,0,1785808
8712,0,1787521
8713,0,1789235
8714,0,1790951
8715,0,1792669
8716,0,1794389
8717,0,1796110
8718,0,1797832
8719,0,1799557
8720,0,1801283
8721,0,1803010
8722,0,1804740
8723,0,1806470
8724,0,1808203
8725,0,1809937
8726,0,1811673
8727,0,1813411
8728,0,1815150
8729,0,1816891
8730,0,1818634
8731,0,1820378
8732,0,1822124
8733,0,1823872
8734,0,1825621
8735,0,1827372
8736,0,1829125
8737,0,1830879
8738,0,1832635
8739,0,1834393
8740,0,1836152
8741,0,1837913
8742,0,1839676
8743,0,1841441
8744,0,1843207
8745,0,1844975
8746,0,1846744
8747,0,1848515
8748,0,1850288
8749,0,1852063
8750,0,1853839
8751,0,1855617
8752,0,1857397
8753,0,1859179
8754,0,1860962
8755,0,1862747
8756,0,1864533
8757,0,1866322
8758,0,1868112
8759,0,1869903
8760,0,1871697
8761,0,1873492
8762,0,1875289
8763,0,1877088
8764,0,1878888
8765,0,1880690
8766,0,1882494
8767,0,1884299
8768,0,1886107
8769,0,1887916
8770,0,1889726
8771,0,1891539
8772,0,1893353
8773,0,1895169
8774,0,1896987
8775,0,1898806
8776,0,1900627
8777,0,1902450
8778,0,1904275
8779,0,1906101
8780,0,1907930
8781,0,1909759
8782,0,1911591
8783,0,1913425
8784,0,1915260
8785,0,1917097
8786,0,1918935
8787,0,1920776
8788,0,1922618
8789,0,1924462
8790,0,1926308
8791,0,1928156
8792,0,1930005
8793,0,1931856
8794,0,1933709
8795,0,1935564
8796,0,1937420
8797,0,1939278
8798,0,1941138
8799,0,1943000
8800,0,1944864
8801,0,1946729
8802,0,1948596
8803,0,1950465
8804,0,1952336
8805,0,1954208
8806,0,1956083
8807,0,1957959
8808,0,1959837
8809,0,1961716
8810,0,1963598
8811,0,1965481
8812,0,1967366
8813,0,1969253
8814,0,1971142
8815,0,1973033
8816,0,1974925
8817,0,1976819
8818,0,1978715
8819,0,1980613
8820,0,1982513
8821,0,1984414
8822,0,1986317
8823,0,1988223
8824,0,1990130
8825,0,1992038
8826,0,1993949
8827,0,1995861
8828,0,1997776
8829,0,1999692
8830,0,2001610
8831,0,2003529
8832,0,2005451
8833,0,2007375
8834,0,2009300
8835,0,2011227
8836,0,2013156
8837,0,2015087
8838,0,2017020
8839,0,2018954
8840,0,2020891
8841,0,2022829
8842,0,2024769
8843,0,2026711
8844,0,2028655
8845,0,2030601
8846,0,2032548
8847,0,2034498
8848,0,2036449
8849,0,2038402
8850,0,2040357
8851,0,2042314
8852,0,2044273
8853,0,2046234
8854,0,2048196
8855,0,2050161
8856,0,2052127
8857,0,2054095
8858,0,2056065
8859,0,2058037
8860,0,2060011
8861,0,2061987
8862,0,2063965
8863,0,2065944
8864,0,2067926
8865,0,2069909
8866,0,2071895
8867,0,2073882
8868,0,2075871
8869,0,2077862
8870,0,2079855
8871,0,2081850
8872,0,2083846
8873,0,2085845
8874,0,2087846
8875,0,2089848
8876,0,2091853
8877,0,2093859
8878,0,2095867
8879,0,2097877
8880,0,2099890
8881,0,2101904
8882,0,2103920
8883,0,2105937
8884,0,2107957
8885,0,2109979
8886,0,2112003
8887,0,2114029
8888,0,2116056
8889,0,2118086
8890,0,2120117
8891,0,2122151
8892,0,2124186
8893,0,2126223
8894,0,2128263
8895,0,2130304
8896,0,2132347
8897,0,2134392
8898,0,2136439
8899,0,2138489
8900,0,2140540
8901,0,2142593
8902,0,2144648
8903,0,2146705
8904,0,2148764
8905,0,2150825
8906,0,2152887
8907,0,2154952
8908,0,2157019
8909,0,2159088
8910,0,2161159
8911,0,2163232
8912,0,2165306
8913,0,2167383
8914,0,2169462
8915,0,2171543
8916,0,2173626
8917,0,2175710
8918,0,2177797
8919,0,2179886
8920,0,2181977
8921,0,2184069
8922,0,2186164
8923,0,2188261
8924,0,2190360
8925,0,2192461
8926,0,2194563
8927,0,2196668
8928,0,2198775
8929,0,2200884
8930,0,2202995
8931,0,2205108
8932,0,2207223
8933,0,2209340
8934,0,2211459
8935,0,2213580
8936,0,2215703
8937,0,2217828
8938,0,2219955
8939,0,2222085
8940,0,2224216
8941,0,2226349
8942,0,2228484
8943,0,2230622
8944,0,2232761
8945,0,2234903
8946,0,2237046
8947,0,2239192
8948,0,2241340
8949,0,2243489
8950,0,2245641
8951,0,2247795
8952,0,2249951
8953,0,2252109
8954,0,2254269
8955,0,2256431
8956,0,2258595
8957,0,2260761
8958,0,2262930
8959,0,2265100
8960,0,2267273
8961,0,2269447
8962,0,2271624
8963,0,2273803
8964,0,2275984
8965,0,2278166
8966,0,2280352
8967,0,2282539
8968,0,2284728
8969,0,2286919
8970,0,2289113
8971,0,2291308
8972,0,2293506
8973,0,2295706
8974,0,2297907
8975,0,2300111
8976,0,2302317
8977,0,2304526
8978,0,2306736
8979,0,2308948
8980,0,2311163
8981,0,2313380
8982,0,2315598
8983,0,2317819
8984,0,2320042
8985,0,2322268
8986,0,2324495
8987,0,2326724
8988,0,2328956
8989,0,2331190
8990,0,2333426
8991,0,2335664
8992,0,2337904
8993,0,2340146
8994,0,2342391
8995,0,2344637
8996,0,2346886
8997,0,2349137
8998,0,2351390
8999,0,2353646
9000,0,2355903
9001,0,2358163
9002,0,2360424
9003,0,2362688
9004,0,2364954
9005,0,2367223
9006,0,2369493
9007,0,2371766
9008,0,2374041
9009,0,2376318
9010,0,2378597
9011,0,2380878
9012,0,2383162
9013,0,2385447
9014,0,2387735
9015,0,2390025
9016,0,2392318
9017,0,2394612
9018,0,2396909
9019,0,2399208
9020,0,2401509
9021,0,2403812
9022,0,2406118
9023,0,2408426
9024,0,2410736
9025,0,2413048
9026,0,2415362
9027,0,2417679
9028,0,2419998
9029,0,2422319
9030,0,2424642
9031,0,2426968
9032,0,2429295
9033,0,2431625
9034,0,2433958
9035,0,2436292
9036,0,2438629
9037,0,2440968
9038,0,2443309
9039,0,2445652
9040,0,2447998
9041,0,2450346
9042,0,2452696
9043,0,2455048
9044,0,2457403
9045,0,2459760
9046,0,2462119
9047,0,2464481
9048,0,2466845
9049,0,2469211
9050,0,2471579
9051,0,2473949
9052,0,2476322
9053,0,2478697
9054,0,2481075
9055,0,2483454
9056,0,2485836
9057,0,2488220
9058,0,2490607
9059,0,2492996
9060,0,2495387
9061,0,2497780
9062,0,2500176
9063,0,2502574
9064,0,2504974
9065,0,2507377
9066,0,2509782
9067,0,2512189
9068,0,2514598
9069,0,2517010
9070,0,2519424
9071,0,2521841
9072,0,2524259
9073,0,2526680
9074,0,2529104
9075,0,2531530
9076,0,2533958
9077,0,2536388
9078,0,2538821
9079,0,2541256
9080,0,2543693
9081,0,2546133
9082,0,2548575
9083,0,2551019
9084,0,2553466
9085,0,2555915
9086,0,2558366
9087,0,2560820
9088,0,2563276
9089,0,2565735
9090,0,2568196
9091,0,2570659
9092,0,2573124
9093,0,2575592
9094,0,2578063
9095,0,2580535
9096,0,2583010
9097,0,2585488
9098,0,2587968
9099,0,2590450
9100,0,2592934
9101,0,2595421
9102,0,2597911
9103,0,2600402
9104,0,2602896
9105,0,2605393
9106,0,2607892
9107,0,2610393
9108,0,2612897
9109,0,2615403
9110,0,2617911
9111,0,2620422
9112,0,2622936
9113,0,2625451
9114,0,2627969
9115,0,2630490
9116,0,2633013
9117,0,2635538
9118,0,2638066
9119,0,2640596
9120,0,2643129
9121,0,2645664
9122,0,2648202
9123,0,2650741
9124,0,2653284
9125,0,2655829
9126,0,2658376
9127,0,2660926
9128,0,2663478
9129,0,2666032
9130,0,2668589
9131,0,2671149
9132,0,2673711
9133,0,2676275
9134,0,2678842
9135,0,2681411
9136,0,2683983
9137,0,2686558
9138,0,2689134
9139,0,2691713
9140,0,2694295
9141,0,2696879
9142,0,2699466
9143,0,2702055
9144,0,2704647
9145,0,2707241
9146,0,2709837
9147,0,2712436
9148,0,2715038
9149,0,2717642
9150,0,2720249
9151,0,2722858
9152,0,2725469
9153,0,2728083
9154,0,2730700
9155,0,2733319
9156,0,2735940
9157,0,2738565
9158,0,2741191
9159,0,2743820
9160,0,2746452
9161,0,2749086
9162,0,2751723
9163,0,2754362
9164,0,2757004
9165,0,2759648
9166,0,2762295
9167,0,2764944
9168,0,2767596
9169,0,2770251
9170,0,2772908
9171,0,2775567
9172,0,2778229
9173,0,2780894
9174,0,2783561
9175,0,2786231
9176,0,2788903
9177,0,2791578
9178,0,2794256
9179,0,2796936
9180,0,2799618
9181,0,2802303
9182,0,2804991
9183,0,2807682
9184,0,2810374
9185,0,2813070
9186,0,2815768
9187,0,2818469
9188,0,2821172
9189,0,2823878
9190,0,2826586
9191,0,2829297
9192,0,2832011
9193,0,2834727
9194,0,2837446
9195,0,2840167
9196,0,2842891
9197,0,2845618
9198,0,2848347
9199,0,2851079
9200,0,2853814
9201,0,2856551
9202,0,2859291
9203,0,2862033
9204,0,2864778
9205,0,2867526
9206,0,2870276
9207,0,2873029
9208,0,2875785
9209,0,2878543
9210,0,2881304
9211,0,2884067
9212,0,2886834
9213,0,2889602
9214,0,2892374
9215,0,2895148
9216,0,2897925
9217,0,2900704
9218,0,2903486
9219,0,2906271
9220,0,2909059
9221,0,2911849
9222,0,2914642
9223,0,2917437
9224,0,2920235
9225,0,2923036
9226,0,2925840
9227,0,2928646
9228,0,2931455
9229,0,2934266
9230,0,2937081
9231,0,2939898
9232,0,2942717
9233,0,2945540
9234,0,2948365
9235,0,2951193
9236,0,2954023
9237,0,2956857
9238,0,2959693
9239,0,2962531
9240,0,2965373
9241,0,2968217
9242,0,2971064
9243,0,2973913
9244,0,2976766
9245,0,2979621
9246,0,2982479
9247,0,2985339
9248,0,2988203
9249,0,2991069
9250,0,2993937
9251,0,2996809
9252,0,2999683
9253,0,3002560
9254,0,3005440
9255,0,3008323
9256,0,3011208
9257,0,3014096
9258,0,3016987
9259,0,3019881
9260,0,3022777
9261,0,3025676
9262,0,3028578
9263,0,3031483
9264,0,3034391
9265,0,3037301
9266,0,3040214
9267,0,3043130
9268,0,3046049
9269,0,3048970
9270,0,3051895
9271,0,3054822
9272,0,3057752
9273,0,3060684
9274,0,3063620
9275,0,3066558
9276,0,3069500
9277,0,3072444
9278,0,3075390
9279,0,3078340
9280,0,3081293
9281,0,3084248
9282,0,3087206
9283,0,3090167
9284,0,3093131
9285,0,3096098
9286,0,3099067
9287,0,3102040
9288,0,3105015
9289,0,3107993
9290,0,3110974
9291,0,3113958
9292,0,3116944
9293,0,3119934
9294,0,3122926
9295,0,3125921
9296,0,3128920
9297,0,3131921
9298,0,3134925
9299,0,3137931
9300,0,3140941
9301,0,3143954
9302,0,3146969
9303,0,3149987
9304,0,3153008
9305,0,3156033
9306,0,3159060
9307,0,3162090
9308,0,3165122
9309,0,3168158
9310,0,3171197
9311,0,3174238
9312,0,3177283
9313,0,3180330
9314,0,3183380
9315,0,3186434
9316,0,3189490
9317,0,3192549
9318,0,3195611
9319,0,3198676
9320,0,3201744
9321,0,3204815
9322,0,3207889
9323,0,3210965
9324,0,3214045
9325,0,3217128
9326,0,3220213
9327,0,3223302
9328,0,3226393
9329,0,3229488
9330,0,3232585
9331,0,3235686
9332,0,3238789
9333,0,3241896
9334,0,3245005
9335,0,3248117
9336,0,3251233
9337,0,3254351
9338,0,3257472
9339,0,3260597
9340,0,3263724
9341,0,3266854
9342,0,3269988
9343,0,3273124
9344,0,3276263
9345,0,3279406
9346,0,3282551
9347,0,3285699
9348,0,3288851
9349,0,3292005
9350,0,3295162
9351,0,3298323
9352,0,3301486
9353,0,3304653
9354,0,3307823
9355,0,3310995
9356,0,3314171
9357,0,3317349
9358,0,3320531
9359,0,3323716
9360,0,3326904
9361,0,3330095
9362,0,3333289
9363,0,3336486
9364,0,3339686
9365,0,3342889
9366,0,3346095
9367,0,3349305
9368,0,3352517
9369,0,3355732
9370,0,3358951
9371,0,3362173
9372,0,3365397
9373,0,3368625
9374,0,3371856
9375,0,3375090
9376,0,3378327
9377,0,3381567
9378,0,3384811
9379,0,3388057
9380,0,3391307
9381,0,3394559
9382,0,3397815
9383,0,3401074
9384,0,3404336
9385,0,3407601
9386,0,3410870
9387,0,3414141
9388,0,3417416
9389,0,3420693
9390,0,3423974
9391,0,3427258
9392,0,3430545
9393,0,3433836
9394,0,3437129
9395,0,3440426
9396,0,3443726
9397,0,3447029
9398,0,3450335
9399,0,3453644
9400,0,3456956
9401,0,3460272
9402,0,3463591
9403,0,3466913
9404,0,3470238
9405,0,3473566
9406,0,3476898
9407,0,3480233
9408,0,3483571
9409,0,3486912
9410,0,3490256
9411,0,3493604
9412,0,3496955
9413,0,3500309
9414,0,3503666
9415,0,3507026
9416,0,3510390
9417,0,3513757
9418,0,3517127
9419,0,3520500
9420,0,3523877
9421,0,3527257
9422,0,3530640
9423,0,3534026
9424,0,3537416
9425,0,3540808
9426,0,3544204
9427,0,3547604
9428,0,3551006
9429,0,3554412
9430,0,3557821
9431,0,3561234
9432,0,3564649
9433,0,3568068
9434,0,3571491
9435,0,3574916
9436,0,3578345
9437,0,3581777
9438,0,3585212
9439,0,3588651
9440,0,3592093
9441,0,3595538
9442,0,3598987
9443,0,3602438
9444,0,3605894
9445,0,3609352
9446,0,3612814
9447,0,3616279
9448,0,3619748
9449,0,3623219
9450,0,3626694
9451,0,3630173
9452,0,3633655
9453,0,3637140
9454,0,3640628
9455,0,3644120
9456,0,3647615
9457,0,3651114
9458,0,3654615
9459,0,3658121
9460,0,3661629
9461,0,3665141
9462,0,3668657
9463,0,3672175
9464,0,3675697
9465,0,3679223
9466,0,3682752
9467,0,3686284
9468,0,3689819
9469,0,3693358
9470,0,3696901
9471,0,3700446
9472,0,3703996
9473,0,3707548
9474,0,3711104
9475,0,3714664
9476,0,3718226
9477,0,3721793
9478,0,3725362
9479,0,3728935
9480,0,3732512
9481,0,3736092
9482,0,3739675
9483,0,3743262
9484,0,3746852
9485,0,3750446
9486,0,3754043
9487,0,3757644
9488,0,3761248
9489,0,3764855
9490,0,3768466
9491,0,3772080
9492,0,3775698
9493,0,3779320
9494,0,3782945
9495,0,3786573
9496,0,3790205
9497,0,3793840
9498,0,3797479
9499,0,3801121
9500,0,3804767
9501,0,3808416
9502,0,3812069
9503,0,3815725
9504,0,3819385
9505,0,3823048
9506,0,3826715
9507,0,3830385
9508,0,3834059
9509,0,3837736
9510,0,3841417
9511,0,3845101
9512,0,3848789
9513,0,3852481
9514,0,3856176
9515,0,3859874
9516,0,3863576
9517,0,3867282
9518,0,3870991
9519,0,3874704
9520,0,3878420
9521,0,3882140
9522,0,3885863
9523,0,3889590
9524,0,3893321
9525,0,3897055
9526,0,3900793
9527,0,3904534
9528,0,3908279
9529,0,3912028
9530,0,3915780
9531,0,3919535
9532,0,3923295
9533,0,3927058
9534,0,3930824
9535,0,3934594
9536,0,3938368
9537,0,3942145
9538,0,3945926
9539,0,3949711
9540,0,3953499
9541,0,3957291
9542,0,3961087
9543,0,3964886
9544,0,3968689
9545,0,3972495
9546,0,3976305
9547,0,3980119
9548,0,3983936
9549,0,3987758
9550,0,3991582
9551,0,3995411
9552,0,3999243
9553,0,4003079
9554,0,4006918
9555,0,4010761
9556,0,4014608
9557,0,4018458
9558,0,4022313
9559,0,4026170
9560,0,4030032
9561,0,4033897
9562,0,4037766
9563,0,4041639
9564,0,4045515
9565,0,4049396
9566,0,4053279
9567,0,4057167
9568,0,4061058
9569,0,4064953
9570,0,4068852
9571,0,4072755
9572,0,4076661
9573,0,4080571
9574,0,4084485
9575,0,4088402
9576,0,4092323
9577,0,4096249
9578,0,4100177
9579,0,4104110
9580,0,4108046
9581,0,4111986
9582,0,4115930
9583,0,4119878
9584,0,4123829
9585,0,4127785
9586,0,4131744
9587,0,4135707
9588,0,4139673
9589,0,4143644
9590,0,4147618
9591,0,4151596
9592,0,4155578
9593,0,4159564
9594,0,4163553
9595,0,4167546
9596,0,4171544
9597,0,4175545
9598,0,4179549
9599,0,4183558
9600,0,4187571
9601,0,4191587
9602,0,4195607
9603,0,4199631
9604,0,4203659
9605,0,4207691
9606,0,4211727
9607,0,4215766
9608,0,4219810
9609,0,4223857
9610,0,4227908
9611,0,4231963
9612,0,4236022
9613,0,4240085
9614,0,4244152
9615,0,4248223
9616,0,4252297
9617,0,4256376
9618,0,4260458
9619,0,4264544
9620,0,4268635
9621,0,4272729
9622,0,4276827
9623,0,4280929
9624,0,4285035
9625,0,4289145
9626,0,4293258
9627,0,4297376
9628,0,4301498
9629,0,4305623
9630,0,4309753
9631,0,4313887
9632,0,4318024
9633,0,4322166
9634,0,4326311
9635,0,4330461
9636,0,4334614
9637,0,4338771
9638,0,4342933
9639,0,4347098
9640,0,4351268
9641,0,4355441
9642,0,4359618
9643,0,4363800
9644,0,4367985
9645,0,4372175
9646,0,4376368
9647,0,4380566
9648,0,4384767
9649,0,4388973
9650,0,4393182
9651,0,4397396
9652,0,4401613
9653,0,4405835
9654,0,4410061
9655,0,4414291
9656,0,4418524
9657,0,4422762
9658,0,4427004
9659,0,4431250
9660,0,4435500
9661,0,4439755
9662,0,4444013
9663,0,4448275
9664,0,4452542
9665,0,4456812
9666,0,4461087
9667,0,4465365
9668,0,4469648
9669,0,4473935
9670,0,4478226
9671,0,4482521
9672,0,4486821
9673,0,4491124
9674,0,4495432
9675,0,4499743
9676,0,4504059
9677,0,4508379
9678,0,4512703
9679,0,4517031
9680,0,4521364
9681,0,4525700
9682,0,4530041
9683,0,4534386
9684,0,4538735
9685,0,4543088
9686,0,4547445
9687,0,4551807
9688,0,4556173
9689,0,4560543
9690,0,4564917
9691,0,4569295
9692,0,4573678
9693,0,4578064
9694,0,4582455
9695,0,4586850
9696,0,4591250
9697,0,4595653
9698,0,4600061
9699,0,4604473
9700,0,4608889
9701,0,4613310
9702,0,4617734
9703,0,4622163
9704,0,4626597
9705,0,4631034
9706,0,4635476
9707,0,4639922
9708,0,4644372
9709,0,4648827
9710,0,4653285
9711,0,4657748
9712,0,4662216
9713,0,4666687
9714,0,4671163
9715,0,4675644
9716,0,4680128
9717,0,4684617
9718,0,4689110
9719,0,4693607
9720,0,4698109
9721,0,4702615
9722,0,4707126
9723,0,4711640
9724,0,4716159
9725,0,4720683
9726,0,4725210
9727,0,4729742
9728,0,4734279
9729,0,4738820
9730,0,4743365
9731,0,4747914
9732,0,4752468
9733,0,4757026
9734,0,4761589
9735,0,4766156
9736,0,4770727
9737,0,4775303
9738,0,4779883
9739,0,4784467
9740,0,4789056
9741,0,4793649
9742,0,4798247
9743,0,4802849
9744,0,4807456
9745,0,4812067
9746,0,4816682
9747,0,4821302
9748,0,4825926
9749,0,4830555
9750,0,4835188
9751,0,4839825
9752,0,4844467
9753,0,4849114
9754,0,4853764
9755,0,4858420
9756,0,4863080
9757,0,4867744
9758,0,4872413
9759,0,4877086
9760,0,4881764
9761,0,4886446
9762,0,4891133
9763,0,4895824
9764,0,4900519
9765,0,4905220
9766,0,4909924
9767,0,4914633
9768,0,4919347
9769,0,4924065
9770,0,4928788
9771,0,4933516
9772,0,4938247
9773,0,4942984
9774,0,4947725
9775,0,4952470
9776,0,4957220
9777,0,4961975
9778,0,4966734
9779,0,4971498
9780,0,4976266
9781,0,4981039
9782,0,4985816
9783,0,4990598
9784,0,4995385
9785,0,5000176
9786,0,5004972
9787,0,5009772
9788,0,5014577
9789,0,5019387
9790,0,5024201
9791,0,5029020
9792,0,5033843
9793,0,5038671
9794,0,5043504
9795,0,5048341
9796,0,5053183
9797,0,5058030
9798,0,5062881
9799,0,5067737
9800,0,5072597
9801,0,5077463
9802,0,5082333
9803,0,5087207
9804,0,5092086
9805,0,5096970
9806,0,5101859
9807,0,5106752
9808,0,5111650
9809,0,5116553
9810,0,5121460
9811,0,5126372
9812,0,5131289
9813,0,5136211
9814,0,5141137
9815,0,5146068
9816,0,5151004
9817,0,5155944
9818,0,5160889
9819,0,5165839
9820,0,5170794
9821,0,5175753
9822,0,5180717
9823,0,5185686
9824,0,5190660
9825,0,5195639
9826,0,5200622
9827,0,5205610
9828,0,5210603
9829,0,5215600
9830,0,5220603
9831,0,5225610
9832,0,5230622
9833,0,5235639
9834,0,5240660
9835,0,5245687
9836,0,5250718
9837,0,5255754
9838,0,5260795
9839,0,5265841
9840,0,5270891
9841,0,5275947
9842,0,5281007
9843,0,5286072
9844,0,5291142
9845,0,5296217
9846,0,5301296
9847,0,5306381
9848,0,5311471
9849,0,5316565
9850,0,5321664
9851,0,5326768
9852,0,5331877
9853,0,5336991
9854,0,5342110
9855,0,5347234
9856,0,5352362
9857,0,5357496
9858,0,5362634
9859,0,5367778
9860,0,5372926
9861,0,5378079
9862,0,5383238
9863,0,5388401
9864,0,5393569
9865,0,5398742
9866,0,5403920
9867,0,5409103
9868,0,5414291
9869,0,5419484
9870,0,5424682
9871,0,5429885
9872,0,5435093
9873,0,5440306
9874,0,5445524
9875,0,5450747
9876,0,5455974
9877,0,5461207
9878,0,5466445
9879,0,5471688
9880,0,5476936
9881,0,5482189
9882,0,5487448
9883,0,5492711
9884,0,5497979
9885,0,5503252
9886,0,5508530
9887,0,5513814
9888,0,5519102
9889,0,5524396
9890,0,5529694
9891,0,5534998
9892,0,5540307
9893,0,5545620
9894,0,5550939
9895,0,5556263
9896,0,5561592
9897,0,5566927
9898,0,5572266
9899,0,5577610
9900,0,5582960
9901,0,5588315
9902,0,5593675
9903,0,5599040
9904,0,5604410
9905,0,5609785
9906,0,5615166
9907,0,5620551
9908,0,5625942
9909,0,5631338
9910,0,5636739
9911,0,5642145
9912,0,5647557
9913,0,5652974
9914,0,5658395
9915,0,5663823
9916,0,5669255
9917,0,5674692
9918,0,5680135
9919,0,5685583
9920,0,5691036
9921,0,5696495
9922,0,5701958
9923,0,5707427
9924,0,5712901
9925,0,5718381
9926,0,5723865
9927,0,5729355
9928,0,5734850
9929,0,5740351
9930,0,5745856
9931,0,5751367
9932,0,5756884
9933,0,5762405
9934,0,5767932
9935,0,5773464
9936,0,5779001
9937,0,5784544
9938,0,5790092
9939,0,5795646
9940,0,5801204
9941,0,5806769
9942,0,5812338
9943,0,5817913
9944,0,5823493
9945,0,5829078
9946,0,5834669
9947,0,5840265
9948,0,5845867
9949,0,5851474
9950,0,5857086
9951,0,5862703
9952,0,5868326
9953,0,5873955
9954,0,5879589
9955,0,5885228
9956,0,5890873
9957,0,5896523
9958,0,5902178
9959,0,5907839
9960,0,5913505
9961,0,5919177
9962,0,5924854
9963,0,5930537
9964,0,5936225
9965,0,5941919
9966,0,5947618
9967,0,5953322
9968,0,5959032
9969,0,5964748
9970,0,5970468
9971,0,5976195
9972,0,5981927
9973,0,5987664
9974,0,5993407
9975,0,5999155
9976,0,6004909
9977,0,6010669
9978,0,6016434
9979,0,6022204
9980,0,6027980
9981,0,6033762
9982,0,6039549
9983,0,6045342
9984,0,6051140
9985,0,6056944
9986,0,6062753
9987,0,6068568
9988,0,6074388
9989,0,6080214
9990,0,6086046
9991,0,6091883
9992,0,6097726
9993,0,6103575
9994,0,6109429
9995,0,6115288
9996,0,6121154
9997,0,6127025
9998,0,6132901
9999,0,6138783
10000,0,6144671
10001,0,6150565
10002,0,6156464
10003,0,6162369
10004,0,6168279
10005,0,6174195
10006,0,6180117
10007,0,6186044
10008,0,6191978
10009,0,6197916
10010,0,6203861
10011,0,6209811
10012,0,6215767
10013,0,6221729
10014,0,6227696
10015,0,6233669
10016,0,6239648
10017,0,6245633
10018,0,6251623
10019,0,6257619
10020,0,6263621
10021,0,6269629
10022,0,6275642
10023,0,6281661
10024,0,6287686
10025,0,6293717
10026,0,6299753
10027,0,6305795
10028,0,6311843
10029,0,6317897
10030,0,6323957
10031,0,6330022
10032,0,6336093
10033,0,6342170
10034,0,6348253
10035,0,6354342
10036,0,6360437
10037,0,6366537
10038,0,6372643
10039,0,6378755
10040,0,6384873
10041,0,6390997
10042,0,6397127
10043,0,6403263
10044,0,6409404
10045,0,6415552
10046,0,6421705
10047,0,6427864
10048,0,6434029
10049,0,6440200
10050,0,6446377
10051,0,6452560
10052,0,6458749
10053,0,6464943
10054,0,6471144
10055,0,6477351
10056,0,6483563
10057,0,6489782
10058,0,6496006
10059,0,6502237
10060,0,6508473
10061,0,6514716
10062,0,6520964
10063,0,6527218
10064,0,6533479
10065,0,6539745
10066,0,6546018
10067,0,6552296
10068,0,6558580
10069,0,6564871
10070,0,6571167
10071,0,6577470
10072,0,6583779
10073,0,6590093
10074,0,6596414
10075,0,6602741
10076,0,6609073
10077,0,6615412
10078,0,6621757
10079,0,6628108
10080,0,6634466
10081,0,6640829
10082,0,6647198
10083,0,6653574
10084,0,6659955
10085,0,6666343
10086,0,6672737
10087,0,6679137
10088,0,6685543
10089,0,6691955
10090,0,6698373
10091,0,6704798
10092,0,6711229
10093,0,6717666
10094,0,6724109
10095,0,6730558
10096,0,6737013
10097,0,6743475
10098,0,6749943
10099,0,6756417
10100,0,6762897
10101,0,6769383
10102,0,6775876
10103,0,6782375
10104,0,6788880
10105,0,6795391
10106,0,6801909
10107,0,6808433
10108,0,6814963
10109,0,6821499
10110,0,6828042
10111,0,6834591
10112,0,6841146
10113,0,6847708
10114,0,6854275
10115,0,6860849
10116,0,6867430
10117,0,6874017
10118,0,6880610
10119,0,6887209
10120,0,6893815
10121,0,6900427
10122,0,6907045
10123,0,6913670
10124,0,6920301
10125,0,6926938
10126,0,6933582
10127,0,6940232
10128,0,6946888
10129,0,6953551
10130,0,6960221
10131,0,6966896
10132,0,6973578
10133,0,6980267
10134,0,6986962
10135,0,6993663
10136,0,7000371
10137,0,7007085
10138,0,7013806
10139,0,7020533
10140,0,7027266
10141,0,7034006
10142,0,7040753
10143,0,7047506
10144,0,7054265
10145,0,7061031
10146,0,7067804
10147,0,7074582
10148,0,7081368
10149,0,7088160
10150,0,7094958
10151,0,7101763
10152,0,7108574
10153,0,7115392
10154,0,7122217
10155,0,7129048
10156,0,7135886
10157,0,7142730
10158,0,7149581
10159,0,7156438
10160,0,7163302
10161,0,7170172
10162,0,7177049
10163,0,7183933
10164,0,7190823
10165,0,7197720
10166,0,7204624
10167,0,7211534
10168,0,7218450
10169,0,7225374
10170,0,7232304
10171,0,7239240
10172,0,7246184
10173,0,7253134
10174,0,7260090
10175,0,7267054
10176,0,7274024
10177,0,7281000
10178,0,7287984
10179,0,7294974
10180,0,7301970
10181,0,7308974
10182,0,7315984
10183,0,7323001
10184,0,7330025
10185,0,7337055
10186,0,7344092
10187,0,7351136
10188,0,7358187
10189,0,7365244
10190,0,7372308
10191,0,7379379
10192,0,7386457
10193,0,7393541
10194,0,7400633
10195,0,7407731
10196,0,7414836
10197,0,7421947
10198,0,7429066
10199,0,7436191
10200,0,7443324
10201,0,7450463
10202,0,7457608
10203,0,7464761
10204,0,7471921
10205,0,7479087
10206,0,7486261
10207,0,7493441
10208,0,7500628
10209,0,7507822
10210,0,7515023
10211,0,7522231
10212,0,7529445
10213,0,7536667
10214,0,7543896
10215,0,7551131
10216,0,7558374
10217,0,7565623
10218,0,7572879
10219,0,7580143
10220,0,7587413
10221,0,7594690
10222,0,7601974
10223,0,7609266
10224,0,7616564
10225,0,7623869
10226,0,7631181
10227,0,7638500
10228,0,7645827
10229,0,7653160
10230,0,7660500
10231,0,7667848
10232,0,7675202
10233,0,7682563
10234,0,7689932
10235,0,7697308
10236,0,7704690
10237,0,7712080
10238,0,7719477
10239,0,7726881
10240,0,7734292
10241,0,7741710
10242,0,7749135
10243,0,7756567
10244,0,7764007
10245,0,7771453
10246,0,7778907
10247,0,7786368
10248,0,7793836
10249,0,7801311
10250,0,7808794
10251,0,7816283
10252,0,7823780
10253,0,7831284
10254,0,7838795
10255,0,7846314
10256,0,7853839
10257,0,7861372
10258,0,7868912
10259,0,7876459
10260,0,7884014
10261,0,7891575
10262,0,7899144
10263,0,7906721
10264,0,7914304
10265,0,7921895
10266,0,7929493
10267,0,7937098
10268,0,7944711
10269,0,7952331
10270,0,7959958
10271,0,7967593
10272,0,7975235
10273,0,7982884
10274,0,7990540
10275,0,7998204
10276,0,8005875
10277,0,8013554
10278,0,8021240
10279,0,8028933
10280,0,8036634
10281,0,8044342
10282,0,8052058
10283,0,8059781
10284,0,8067511
10285,0,8075249
10286,0,8082994
10287,0,8090746
10288,0,8098506
10289,0,8106274
10290,0,8114049
10291,0,8121831
10292,0,8129621
10293,0,8137418
10294,0,8145223
10295,0,8153035
10296,0,8160855
10297,0,8168682
10298,0,8176517
10299,0,8184359
10300,0,8192209
10301,0,8200066
10302,0,8207931
10303,0,8215804
10304,0,8223683
10305,0,8231571
10306,0,8239466
10307,0,8247369
10308,0,8255279
10309,0,8263197
10310,0,8271122
10311,0,8279055
10312,0,8286996
10313,0,8294944
10314,0,8302900
10315,0,8310863
10316,0,8318834
10317,0,8326813
10318,0,8334800
10319,0,8342794
10320,0,8350795
10321,0,8358805
10322,0,8366822
10323,0,8374847
10324,0,8382879
10325,0,8390919
10326,0,8398967
10327,0,8407023
10328,0,8415086
10329,0,8423157
10330,0,8431236
10331,0,8439323
10332,0,8447417
10333,0,8455519
10334,0,8463629
10335,0,8471747
10336,0,8479872
10337,0,8488005
10338,0,8496146
10339,0,8504295
10340,0,8512452
10341,0,8520616
10342,0,8528789
10343,0,8536969
10344,0,8545157
10345,0,8553353
10346,0,8561556
10347,0,8569768
10348,0,8577987
10349,0,8586215
10350,0,8594450
10351,0,8602693
10352,0,8610944
10353,0,8619203
10354,0,8627470
10355,0,8635745
10356,0,8644027
10357,0,8652318
10358,0,8660617
10359,0,8668923
10360,0,8677238
10361,0,8685560
10362,0,8693891
10363,0,8702229
10364,0,8710576
10365,0,8718930
10366,0,8727293
10367,0,8735663
10368,0,8744042
10369,0,8752428
10370,0,8760823
10371,0,8769226
10372,0,8777636
10373,0,8786055
10374,0,8794482
10375,0,8802917
10376,0,8811360
10377,0,8819811
10378,0,8828271
10379,0,8836738
10380,0,8845214
10381,0,8853697
10382,0,8862189
10383,0,8870689
10384,0,8879197
10385,0,8887713
10386,0,8896237
10387,0,8904770
10388,0,8913311
10389,0,8921860
10390,0,8930417
10391,0,8938982
10392,0,8947556
10393,0,8956138
10394,0,8964728
10395,0,8973326
10396,0,8981932
10397,0,8990547
10398,0,8999170
10399,0,9007801
10400,0,9016441
10401,0,9025089
10402,0,9033745
10403,0,9042409
10404,0,9051082
10405,0,9059763
10406,0,9068453
10407,0,9077150
10408,0,9085857
10409,0,9094571
10410,0,9103294
10411,0,9112025
10412,0,9120764
10413,0,9129512
10414,0,9138269
10415,0,9147033
10416,0,9155806
10417,0,9164588
10418,0,9173378
10419,0,9182176
10420,0,9190983
10421,0,9199798
10422,0,9208622
10423,0,9217454
10424,0,9226295
10425,0,9235144
10426,0,9244002
10427,0,9252868
10428,0,9261742
10429,0,9270626
10430,0,9279517
10431,0,9288417
10432,0,9297326
10433,0,9306243
10434,0,9315169
10435,0,9324104
10436,0,9333047
10437,0,9341998
10438,0,9350958
10439,0,9359927
10440,0,9368904
10441,0,9377890
10442,0,9386885
10443,0,9395888
10444,0,9404900
10445,0,9413920
10446,0,9422949
10447,0,9431987
10448,0,9441033
10449,0,9450088
10450,0,9459152
10451,0,9468225
10452,0,9477306
10453,0,9486396
10454,0,9495494
10455,0,9504602
10456,0,9513718
10457,0,9522842
10458,0,9531976
10459,0,9541118
10460,0,9550269
10461,0,9559429
10462,0,9568598
10463,0,9577775
10464,0,9586962
10465,0,9596157
10466,0,9605360
10467,0,9614573
10468,0,9623795
10469,0,9633025
10470,0,9642264
10471,0,9651512
10472,0,9660769
10473,0,9670035
10474,0,9679310
10475,0,9688594
10476,0,9697886
10477,0,9707188
10478,0,9716498
10479,0,9725817
10480,0,9735145
10481,0,9744483
10482,0,9753829
10483,0,9763184
10484,0,9772548
10485,0,9781921
10486,0,9791303
10487,0,9800694
10488,0,9810094
10489,0,9819503
10490,0,9828921
10491,0,9838348
10492,0,9847785
10493,0,9857230
10494,0,9866684
10495,0,9876147
10496,0,9885620
10497,0,9895101
10498,0,9904592
10499,0,9914092
10500,0,9923600
10501,0,9933118
10502,0,9942645
10503,0,9952182
10504,0,9961727
10505,0,9971281
10506,0,9980845
10507,0,9990418
10508,0,10000000
