1,1980000,0
2,572495,101
3,572495,101
4,572495,101
5,572495,101
6,572495,101
7,572495,101
8,538339,102
9,538339,102
10,538339,102
11,538339,102
12,538339,102
13,538339,102
14,538339,102
15,538339,102
16,538339,102
17,538339,102
18,506525,103
19,506525,103
20,506525,103
21,506525,103
22,506525,103
23,506525,103
24,506525,103
25,506525,103
26,506525,103
27,506525,103
28,506525,103
29,476872,104
30,476872,104
31,476872,104
32,476872,104
33,476872,104
34,476872,104
35,476872,104
36,476872,104
37,476872,104
38,476872,104
39,449215,105
40,449215,105
41,449215,105
42,449215,105
43,449215,105
44,449215,105
45,449215,105
46,449215,105
47,449215,105
48,449215,105
49,423401,106
50,423400,106
51,423400,106
52,423400,106
53,423401,106
54,423400,106
55,423401,106
56,423400,106
57,423400,106
58,423400,106
59,399292,107
60,399292,107
61,399292,107
62,399292,107
63,399292,107
64,399292,107
65,399292,107
66,399292,107
67,399292,107
68,399292,107
69,376761,108
70,376761,108
71,376761,108
72,376761,108
73,376761,108
74,376761,108
75,376761,108
76,376761,108
77,376761,108
78,376761,108
79,355692,109
80,355692,109
81,355692,109
82,355692,109
83,355692,109
84,355692,109
85,355692,109
86,355692,109
87,355692,109
88,355692,109
89,335978,110
90,335978,110
91,335978,110
92,335978,110
93,335978,110
94,335978,110
95,335978,110
96,335978,110
97,335978,110
98,317520,111
99,317520,111
100,317520,111
101,317520,111
102,317520,111
103,317520,111
104,317520,111
105,317520,111
106,317520,111
107,317520,111
108,300229,112
109,300229,112
110,300229,112
111,300229,112
112,300229,112
113,300229,112
114,300229,112
115,300229,112
116,300229,112
117,284020,113
118,284020,113
119,284020,113
120,284020,113
121,284020,113
122,284020,113
123,284020,113
124,284020,113
125,284020,113
126,284020,113
127,268818,114
128,268818,114
129,268818,114
130,268818,114
131,268818,114
132,268818,114
133,268818,114
134,268818,114
135,268818,114
136,254552,115
137,254552,115
138,254552,115
139,254552,115
140,254552,115
141,254552,115
142,254552,115
143,254552,115
144,254552,115
145,241156,116
146,241156,116
147,241156,116
148,241156,116
149,241156,116
150,241156,116
151,241156,116
152,241156,116
153,241156,116
154,241156,116
155,228572,117
156,228572,117
157,228572,117
158,228572,117
159,228572,117
160,228572,117
161,228572,117
162,228572,117
163,228572,117
164,216743,118
165,216743,118
166,216743,118
167,216743,118
168,216743,118
169,216743,118
170,216743,118
171,216743,118
172,216743,118
173,205619,119
174,205619,119
175,205619,119
176,205619,119
177,205619,119
178,205619,119
179,205619,119
180,205619,119
181,205619,119
182,195152,120
183,195152,120
184,195152,120
185,195152,120
186,195152,120
187,195152,120
188,195152,120
189,195152,120
190,195152,120
191,185297,121
192,185297,121
193,185297,121
194,185297,121
195,185297,121
196,185297,121
197,185297,121
198,185297,121
199,176016,122
200,176016,122
201,176016,122
202,176016,122
203,176016,122
204,176016,122
205,176016,122
206,176016,122
207,176016,122
208,167269,123
209,167269,123
210,167269,123
211,167269,123
212,167269,123
213,167269,123
214,167269,123
215,167269,123
216,167269,123
217,159023,124
218,159023,124
219,159023,124
220,159023,124
221,159023,124
222,159023,124
223,159023,124
224,159023,124
225,151245,125
226,151245,125
227,151245,125
228,151245,125
229,151245,125
230,151245,125
231,151245,125
232,151245,125
233,151245,125
234,143904,126
235,143904,126
236,143904,126
237,143904,126
238,143904,126
239,143904,126
240,143904,126
241,143904,126
242,136974,127
243,136974,127
244,136974,127
245,136974,127
246,136974,127
247,136974,127
248,136974,127
249,136974,127
250,136974,127
251,130428,128
252,130428,128
253,130428,128
254,130428,128
255,130428,128
256,130428,128
257,130428,128
258,130428,128
259,124242,129
260,124242,129
261,124242,129
262,124242,129
263,124242,129
264,124242,129
265,124242,129
266,124242,129
267,118394,130
268,118394,130
269,118394,130
270,118394,130
271,118394,130
272,118394,130
273,118394,130
274,118394,130
275,112863,131
276,112863,131
277,112863,131
278,112863,131
279,112863,131
280,112863,131
281,112863,131
282,112863,131
283,112863,131
284,107629,132
285,107629,132
286,107629,132
287,107629,132
288,107629,132
289,107629,132
290,107629,132
291,107629,132
292,102675,133
293,102675,133
294,102675,133
295,102675,133
296,102675,133
297,102675,133
298,102675,133
299,102675,133
300,97984,134
301,97984,134
302,97984,134
303,97984,134
304,97984,134
305,97984,134
306,97984,134
307,97984,134
308,93539,135
309,93539,135
310,93539,135
311,93539,135
312,93539,135
313,93539,135
314,93539,135
315,89327,136
316,89327,136
317,89327,136
318,89327,136
319,89327,136
320,89327,136
321,89327,136
322,89327,136
323,85333,137
324,85333,137
325,85333,137
326,85333,137
327,85333,137
328,85333,137
329,85333,137
330,85333,137
331,81545,138
332,81545,138
333,81545,138
334,81545,138
335,81545,138
336,81545,138
337,81545,138
338,81545,138
339,77950,139
340,77950,139
341,77950,139
342,77950,139
343,77950,139
344,77950,139
345,77950,139
346,74538,140
347,74538,140
348,74538,140
349,74538,140
350,74538,140
351,74538,140
352,74538,140
353,74538,140
354,71298,141
355,71298,141
356,71298,141
357,71298,141
358,71298,141
359,71298,141
360,71298,141
361,71298,141
362,68221,142
363,68221,142
364,68221,142
365,68221,142
366,68221,142
367,68221,142
368,68221,142
369,65296,143
370,65296,143
371,65296,143
372,65296,143
373,65296,143
374,65296,143
375,65296,143
376,65296,143
377,62516,144
378,62516,144
379,62516,144
380,62516,144
381,62516,144
382,62516,144
383,62516,144
384,59872,145
385,59872,145
386,59872,145
387,59872,145
388,59872,145
389,59872,145
390,59872,145
391,57357,146
392,57357,146
393,57357,146
394,57357,146
395,57357,146
396,57357,146
397,57357,146
398,57357,146
399,54964,147
400,54964,147
401,54964,147
402,54964,147
403,54964,147
404,54964,147
405,54964,147
406,52686,148
407,52686,148
408,52686,148
409,52686,148
410,52686,148
411,52686,148
412,52686,148
413,50517,149
414,50517,149
415,50517,149
416,50517,149
417,50517,149
418,50517,149
419,50517,149
420,48451,150
421,48451,150
422,48451,150
423,48451,150
424,48451,150
425,48451,150
426,48451,150
427,46482,151
428,46482,151
429,46482,151
430,46482,151
431,46482,151
432,46482,151
433,46482,151
434,44605,152
435,44605,152
436,44605,152
437,44605,152
438,44605,152
439,44605,152
440,44605,152
441,42816,153
442,42816,153
443,42816,153
444,42816,153
445,42816,153
446,42816,153
447,42816,153
448,41109,154
449,41109,154
450,41109,154
451,41109,154
452,41109,154
453,41109,154
454,41109,154
455,39481,155
456,39481,155
457,39481,155
458,39481,155
459,39481,155
460,39481,155
461,39481,155
462,37927,156
463,37927,156
464,37927,156
465,37927,156
466,37927,156
467,37927,156
468,37927,156
469,36444,157
470,36444,157
471,36444,157
472,36444,157
473,36444,157
474,36444,157
475,36444,157
476,35027,158
477,35027,158
478,35027,158
479,35027,158
480,35027,158
481,35027,158
482,33674,159
483,33674,159
484,33674,159
485,33674,159
486,33674,159
487,33674,159
488,33674,159
489,32382,160
490,32382,160
491,32382,160
492,32382,160
493,32382,160
494,32382,160
495,32382,160
496,31146,161
497,31146,161
498,31146,161
499,31146,161
500,31146,161
501,31146,161
502,29965,162
503,29965,162
504,29965,162
505,29965,162
506,29965,162
507,29965,162
508,29965,162
509,28835,163
510,28835,163
511,28835,163
512,28835,163
513,28835,163
514,28835,163
515,28835,163
516,27755,164
517,27755,164
518,27755,164
519,27755,164
520,27755,164
521,27755,164
522,26721,165
523,26721,165
524,26721,165
525,26721,165
526,26721,165
527,26721,165
528,25732,166
529,25732,166
530,25732,166
531,25732,166
532,25732,166
533,25732,166
534,25732,166
535,24785,167
536,24785,167
537,24785,167
538,24785,167
539,24785,167
540,24785,167
541,23878,168
542,23878,168
543,23878,168
544,23878,168
545,23878,168
546,23878,168
547,23878,168
548,23009,169
549,23009,169
550,23009,169
551,23009,169
552,23009,169
553,23009,169
554,22177,170
555,22177,170
556,22177,170
557,22177,170
558,22177,170
559,22177,170
560,21380,171
561,21380,171
562,21380,171
563,21380,171
564,21380,171
565,21380,171
566,20616,172
567,20616,172
568,20616,172
569,20616,172
570,20616,172
571,20616,172
572,20616,172
573,19883,173
574,19883,173
575,19883,173
576,19883,173
577,19883,173
578,19883,173
579,19180,174
580,19180,174
581,19180,174
582,19180,174
583,19180,174
584,19180,174
585,18506,175
586,18506,175
587,18506,175
588,18506,175
589,18506,175
590,18506,175
591,17859,176
592,17859,176
593,17859,176
594,17859,176
595,17859,176
596,17859,176
597,17238,177
598,17238,177
599,17238,177
600,17238,177
601,17238,177
602,17238,177
603,16642,178
604,16642,178
605,16642,178
606,16642,178
607,16642,178
608,16642,178
609,16070,179
610,16070,179
611,16070,179
612,16070,179
613,16070,179
614,16070,179
615,15521,180
616,15521,180
617,15521,180
618,15521,180
619,15521,180
620,15521,180
621,14993,181
622,14993,181
623,14993,181
624,14993,181
625,14993,181
626,14993,181
627,14486,182
628,14486,182
629,14486,182
630,14486,182
631,14486,182
632,14486,182
633,13999,183
634,13999,183
635,13999,183
636,13999,183
637,13999,183
638,13531,184
639,13531,184
640,13531,184
641,13531,184
642,13531,184
643,13531,184
644,13081,185
645,13081,185
646,13081,185
647,13081,185
648,13081,185
649,13081,185
650,12648,186
651,12648,186
652,12648,186
653,12648,186
654,12648,186
655,12648,186
656,12231,187
657,12231,187
658,12231,187
659,12231,187
660,12231,187
661,11831,188
662,11831,188
663,11831,188
664,11831,188
665,11831,188
666,11831,188
667,11445,189
668,11445,189
669,11445,189
670,11445,189
671,11445,189
672,11445,189
673,11074,190
674,11074,190
675,11074,190
676,11074,190
677,11074,190
678,10717,191
679,10717,191
680,10717,191
681,10717,191
682,10717,191
683,10717,191
684,10373,192
685,10373,192
686,10373,192
687,10373,192
688,10373,192
689,10042,193
690,10042,193
691,10042,193
692,10042,193
693,10042,193
694,10042,193
695,9723,194
696,9723,194
697,9723,194
698,9723,194
699,9723,194
700,9416,195
701,9416,195
702,9416,195
703,9416,195
704,9416,195
705,9416,195
706,9120,196
707,9120,196
708,9120,196
709,9120,196
710,9120,196
711,8835,197
712,8835,197
713,8835,197
714,8835,197
715,8835,197
716,8835,197
717,8560,198
718,8560,198
719,8560,198
720,8560,198
721,8560,198
722,8295,199
723,8295,199
724,8295,199
725,8295,199
726,8295,199
727,8039,200
728,8039,200
729,8039,200
730,8039,200
731,8039,200
732,8039,200
733,7793,201
734,7793,201
735,7793,201
736,7793,201
737,7793,201
738,7555,202
739,7555,202
740,7555,202
741,7555,202
742,7555,202
743,7326,203
744,7326,203
745,7326,203
746,7326,203
747,7326,203
748,7326,203
749,7104,204
750,7104,204
751,7104,204
752,7104,204
753,7104,204
754,6891,205
755,6891,205
756,6891,205
757,6891,205
758,6891,205
759,6685,206
760,6685,206
761,6685,206
762,6685,206
763,6685,206
764,6486,207
765,6486,207
766,6486,207
767,6486,207
768,6486,207
769,6293,208
770,6293,208
771,6293,208
772,6293,208
773,6293,208
774,6108,209
775,6108,209
776,6108,209
777,6108,209
778,6108,209
779,6108,209
780,5928,210
781,5928,210
782,5928,210
783,5928,210
784,5928,210
785,5755,211
786,5755,211
787,5755,211
788,5755,211
789,5755,211
790,5588,212
791,5588,212
792,5588,212
793,5588,212
794,5588,212
795,5426,213
796,5426,213
797,5426,213
798,5426,213
799,5426,213
800,5269,214
801,5269,214
802,5269,214
803,5269,214
804,5269,214
805,5118,215
806,5118,215
807,5118,215
808,5118,215
809,5118,215
810,4972,216
811,4972,216
812,4972,216
813,4972,216
814,4972,216
815,4831,217
816,4831,217
817,4831,217
818,4831,217
819,4694,218
820,4694,218
821,4694,218
822,4694,218
823,4694,218
824,4562,219
825,4562,219
826,4562,219
827,4562,219
828,4562,219
829,4434,220
830,4434,220
831,4434,220
832,4434,220
833,4434,220
834,4310,221
835,4310,221
836,4310,221
837,4310,221
838,4310,221
839,4190,222
840,4190,222
841,4190,222
842,4190,222
843,4190,222
844,4074,223
845,4074,223
846,4074,223
847,4074,223
848,3962,224
849,3962,224
850,3962,224
851,3962,224
852,3962,224
853,3853,225
854,3853,225
855,3853,225
856,3853,225
857,3853,225
858,3748,226
859,3748,226
860,3748,226
861,3748,226
862,3748,226
863,3646,227
864,3646,227
865,3646,227
866,3646,227
867,3548,228
868,3548,228
869,3548,228
870,3548,228
871,3548,228
872,3452,229
873,3452,229
874,3452,229
875,3452,229
876,3452,229
877,3359,230
878,3359,230
879,3359,230
880,3359,230
881,3270,231
882,3270,231
883,3270,231
884,3270,231
885,3270,231
886,3183,232
887,3183,232
888,3183,232
889,3183,232
890,3183,232
891,3098,233
892,3098,233
893,3098,233
894,3098,233
895,3016,234
896,3016,234
897,3016,234
898,3016,234
899,3016,234
900,2937,235
901,2937,235
902,2937,235
903,2937,235
904,2860,236
905,2860,236
906,2860,236
907,2860,236
908,2860,236
909,2786,237
910,2786,237
911,2786,237
912,2786,237
913,2714,238
914,2714,238
915,2714,238
916,2714,238
917,2714,238
918,2643,239
919,2643,239
920,2643,239
921,2643,239
922,2575,240
923,2575,240
924,2575,240
925,2575,240
926,2575,240
927,2509,241
928,2509,241
929,2509,241
930,2509,241
931,2445,242
932,2445,242
933,2445,242
934,2445,242
935,2383,243
936,2383,243
937,2383,243
938,2383,243
939,2383,243
940,2323,244
941,2323,244
942,2323,244
943,2323,244
944,2264,245
945,2264,245
946,2264,245
947,2264,245
948,2207,246
949,2207,246
950,2207,246
951,2207,246
952,2207,246
953,2152,247
954,2152,247
955,2152,247
956,2152,247
957,2099,248
958,2099,248
959,2099,248
960,2099,248
961,2047,249
962,2047,249
963,2047,249
964,2047,249
965,2047,249
966,1996,250
967,1996,250
968,1996,250
969,1996,250
970,1947,251
971,1947,251
972,1947,251
973,1947,251
974,1899,252
975,1899,252
976,1899,252
977,1899,252
978,1853,253
979,1853,253
980,1853,253
981,1853,253
982,1853,253
983,1808,254
984,1808,254
985,1808,254
986,1808,254
987,1764,255
988,1764,255
989,1764,255
990,1764,255
991,1721,256
992,1721,256
993,1721,256
994,1721,256
995,1680,257
996,1680,257
997,1680,257
998,1680,257
999,1640,258
1000,1640,258
1001,1640,258
1002,1640,258
1003,1601,259
1004,1601,259
1005,1601,259
1006,1601,259
1007,1601,259
1008,1562,260
1009,1562,260
1010,1562,260
1011,1562,260
1012,1525,261
1013,1525,261
1014,1525,261
1015,1525,261
1016,1489,262
1017,1489,262
1018,1489,262
1019,1489,262
1020,1454,263
1021,1454,263
1022,1454,263
1023,1454,263
1024,1420,264
1025,1420,264
1026,1420,264
1027,1420,264
1028,1387,265
1029,1387,265
1030,1387,265
1031,1387,265
1032,1355,266
1033,1355,266
1034,1355,266
1035,1355,266
1036,1324,267
1037,1324,267
1038,1324,267
1039,1324,267
1040,1293,268
1041,1293,268
1042,1293,268
1043,1293,268
1044,1263,269
1045,1263,269
1046,1263,269
1047,1263,269
1048,1234,270
1049,1234,270
1050,1234,270
1051,1234,270
1052,1206,271
1053,1206,271
1054,1206,271
1055,1206,271
1056,1179,272
1057,1179,272
1058,1179,272
1059,1179,272
1060,1152,273
1061,1152,273
1062,1152,273
1063,1126,274
1064,1126,274
1065,1126,274
1066,1126,274
1067,1101,275
1068,1101,275
1069,1101,275
1070,1101,275
1071,1076,276
1072,1076,276
1073,1076,276
1074,1076,276
1075,1052,277
1076,1052,277
1077,1052,277
1078,1052,277
1079,1029,278
1080,1029,278
1081,1029,278
1082,1029,278
1083,1006,279
1084,1006,279
1085,1006,279
1086,1006,279
1087,984,280
1088,984,280
1089,984,280
1090,962,281
1091,962,281
1092,962,281
1093,962,281
1094,941,282
1095,941,282
1096,941,282
1097,941,282
1098,920,283
1099,920,283
1100,920,283
1101,920,283
1102,900,284
1103,900,284
1104,900,284
1105,881,285
1106,881,285
1107,881,285
1108,881,285
1109,862,286
1110,862,286
1111,862,286
1112,862,286
1113,843,287
1114,843,287
1115,843,287
1116,843,287
1117,825,288
1118,825,288
1119,825,288
1120,807,289
1121,807,289
1122,807,289
1123,807,289
1124,790,290
1125,790,290
1126,790,290
1127,790,290
1128,773,291
1129,773,291
1130,773,291
1131,757,292
1132,757,292
1133,757,292
1134,757,292
1135,741,293
1136,741,293
1137,741,293
1138,741,293
1139,725,294
1140,725,294
1141,725,294
1142,710,295
1143,710,295
1144,710,295
1145,710,295
1146,695,296
1147,695,296
1148,695,296
1149,681,297
1150,681,297
1151,681,297
1152,681,297
1153,667,298
1154,667,298
1155,667,298
1156,667,298
1157,653,299
1158,653,299
1159,653,299
1160,639,300
1161,639,300
1162,639,300
1163,639,300
1164,626,301
1165,626,301
1166,626,301
1167,613,302
1168,613,302
1169,613,302
1170,613,302
1171,601,303
1172,601,303
1173,601,303
1174,589,304
1175,589,304
1176,589,304
1177,589,304
1178,577,305
1179,577,305
1180,577,305
1181,565,306
1182,565,306
1183,565,306
1184,565,306
1185,554,307
1186,554,307
1187,554,307
1188,543,308
1189,543,308
1190,543,308
1191,543,308
1192,532,309
1193,532,309
1194,532,309
1195,521,310
1196,521,310
1197,521,310
1198,521,310
1199,511,311
1200,511,311
1201,511,311
1202,501,312
1203,501,312
1204,501,312
1205,491,313
1206,491,313
1207,491,313
1208,491,313
1209,481,314
1210,481,314
1211,481,314
1212,472,315
1213,472,315
1214,472,315
1215,472,315
1216,462,316
1217,462,316
1218,462,316
1219,453,317
1220,453,317
1221,453,317
1222,444,318
1223,444,318
1224,444,318
1225,444,318
1226,436,319
1227,436,319
1228,436,319
1229,427,320
1230,427,320
1231,427,320
1232,419,321
1233,419,321
1234,419,321
1235,419,321
1236,411,322
1237,411,322
1238,411,322
1239,403,323
1240,403,323
1241,403,323
1242,395,324
1243,395,324
1244,395,324
1245,395,324
1246,388,325
1247,388,325
1248,388,325
1249,381,326
1250,381,326
1251,381,326
1252,373,327
1253,373,327
1254,373,327
1255,366,328
1256,366,328
1257,366,328
1258,366,328
1259,359,329
1260,359,329
1261,359,329
1262,353,330
1263,353,330
1264,353,330
1265,346,331
1266,346,331
1267,346,331
1268,340,332
1269,340,332
1270,340,332
1271,340,332
1272,333,333
1273,333,333
1274,333,333
1275,327,334
1276,327,334
1277,327,334
1278,321,335
1279,321,335
1280,321,335
1281,315,336
1282,315,336
1283,315,336
1284,309,337
1285,309,337
1286,309,337
1287,304,338
1288,304,338
1289,304,338
1290,304,338
1291,298,339
1292,298,339
1293,298,339
1294,293,340
1295,293,340
1296,293,340
1297,287,341
1298,287,341
1299,287,341
1300,282,342
1301,282,342
1302,282,342
1303,277,343
1304,277,343
1305,277,343
1306,272,344
1307,272,344
1308,272,344
1309,267,345
1310,267,345
1311,267,345
1312,262,346
1313,262,346
1314,262,346
1315,258,347
1316,258,347
1317,258,347
1318,258,347
1319,253,348
1320,253,348
1321,253,348
1322,249,349
1323,249,349
1324,249,349
1325,244,350
1326,244,350
1327,244,350
1328,240,351
1329,240,351
1330,240,351
1331,236,352
1332,236,352
1333,236,352
1334,232,353
1335,232,353
1336,232,353
1337,228,354
1338,228,354
1339,228,354
1340,224,355
1341,224,355
1342,224,355
1343,220,356
1344,220,356
1345,220,356
1346,216,357
1347,216,357
1348,216,357
1349,212,358
1350,212,358
1351,212,358
1352,208,359
1353,208,359
1354,208,359
1355,205,360
1356,205,360
1357,205,360
1358,201,361
1359,201,361
1360,201,361
1361,198,362
1362,198,362
1363,198,362
1364,195,363
1365,195,363
1366,191,364
1367,191,364
1368,191,364
1369,188,365
1370,188,365
1371,188,365
1372,185,366
1373,185,366
1374,185,366
1375,182,367
1376,182,367
1377,182,367
1378,179,368
1379,179,368
1380,179,368
1381,176,369
1382,176,369
1383,176,369
1384,173,370
1385,173,370
1386,173,370
1387,170,371
1388,170,371
1389,170,371
1390,167,372
1391,167,372
1392,167,372
1393,164,373
1394,164,373
1395,161,374
1396,161,374
1397,161,374
1398,159,375
1399,159,375
1400,159,375
1401,156,376
1402,156,376
1403,156,376
1404,154,377
1405,154,377
1406,154,377
1407,151,378
1408,151,378
1409,151,378
1410,149,379
1411,149,379
1412,146,380
1413,146,380
1414,146,380
1415,144,381
1416,144,381
1417,144,381
1418,141,382
1419,141,382
1420,141,382
1421,139,383
1422,139,383
1423,139,383
1424,137,384
1425,137,384
1426,135,385
1427,135,385
1428,135,385
1429,133,386
1430,133,386
1431,133,386
1432,130,387
1433,130,387
1434,130,387
1435,128,388
1436,128,388
1437,126,389
1438,126,389
1439,126,389
1440,124,390
1441,124,390
1442,124,390
1443,122,391
1444,122,391
1445,122,391
1446,120,392
1447,120,392
1448,118,393
1449,118,393
1450,118,393
1451,117,394
1452,117,394
1453,117,394
1454,115,395
1455,115,395
1456,113,396
1457,113,396
1458,113,396
1459,111,397
1460,111,397
1461,111,397
1462,110,398
1463,110,398
1464,108,399
1465,108,399
1466,108,399
1467,106,400
1468,106,400
1469,106,400
1470,104,401
1471,104,401
1472,103,402
1473,103,402
1474,103,402
1475,101,403
1476,101,403
1477,101,403
1478,100,404
1479,100,404
1480,98,405
1481,98,405
1482,98,405
1483,97,406
1484,97,406
1485,97,406
1486,95,407
1487,95,407
1488,94,408
1489,94,408
1490,94,408
1491,92,409
1492,92,409
1493,91,410
1494,91,410
1495,91,410
1496,90,411
1497,90,411
1498,90,411
1499,88,412
1500,88,412
1501,87,413
1502,87,413
1503,87,413
1504,86,414
1505,86,414
1506,84,415
1507,84,415
1508,84,415
1509,83,416
1510,83,416
1511,82,417
1512,82,417
1513,82,417
1514,81,418
1515,81,418
1516,81,418
1517,79,419
1518,79,419
1519,78,420
1520,78,420
1521,78,420
1522,77,421
1523,77,421
1524,76,422
1525,76,422
1526,76,422
1527,75,423
1528,75,423
1529,74,424
1530,74,424
1531,74,424
1532,73,425
1533,73,425
1534,72,426
1535,72,426
1536,72,426
1537,71,427
1538,71,427
1539,70,428
1540,70,428
1541,70,428
1542,69,429
1543,69,429
1544,68,430
1545,68,430
1546,68,430
1547,67,431
1548,67,431
1549,66,432
1550,66,432
1551,66,432
1552,65,433
1553,65,433
1554,64,434
1555,64,434
1556,64,434
1557,63,435
1558,63,435
1559,62,436
1560,62,436
1561,61,437
1562,61,437
1563,61,437
1564,60,438
1565,60,438
1566,59,439
1567,59,439
1568,59,439
1569,59,440
1570,59,440
1571,58,441
1572,58,441
1573,58,441
1574,57,442
1575,57,442
1576,56,443
1577,56,443
1578,55,444
1579,55,444
1580,55,444
1581,55,445
1582,55,445
1583,54,446
1584,54,446
1585,54,446
1586,53,447
1587,53,447
1588,52,448
1589,52,448
1590,52,449
1591,52,449
1592,52,449
1593,51,450
1594,51,450
1595,50,451
1596,50,451
1597,50,452
1598,50,452
1599,50,452
1600,49,453
1601,49,453
1602,48,454
1603,48,454
1604,48,455
1605,48,455
1606,48,455
1607,47,456
1608,47,456
1609,46,457
1610,46,457
1611,46,458
1612,46,458
1613,46,458
1614,45,459
1615,45,459
1616,44,460
1617,44,460
1618,44,461
1619,44,461
1620,44,461
1621,43,462
1622,43,462
1623,43,463
1624,43,463
1625,42,464
1626,42,464
1627,42,464
1628,41,465
1629,41,465
1630,41,466
1631,41,466
1632,40,467
1633,40,467
1634,40,468
1635,40,468
1636,40,468
1637,39,469
1638,39,469
1639,39,470
1640,39,470
1641,38,471
1642,38,471
1643,38,471
1644,38,472
1645,38,472
1646,37,473
1647,37,473
1648,37,474
1649,37,474
1650,36,475
1651,36,475
1652,36,475
1653,36,476
1654,36,476
1655,35,477
1656,35,477
1657,35,478
1658,35,478
1659,34,479
1660,34,479
1661,34,480
1662,34,480
1663,34,480
1664,34,481
1665,34,481
1666,33,482
1667,33,482
1668,33,483
1669,33,483
1670,32,484
1671,32,484
1672,32,484
1673,32,485
1674,32,485
1675,31,486
1676,31,486
1677,31,487
1678,31,487
1679,31,488
1680,31,488
1681,30,489
1682,30,489
1683,30,490
1684,30,490
1685,30,490
1686,30,491
1687,30,491
1688,29,492
1689,29,492
1690,29,493
1691,29,493
1692,28,494
1693,28,494
1694,28,495
1695,28,495
1696,28,496
1697,28,496
1698,28,496
1699,27,497
1700,27,497
1701,27,498
1702,27,498
1703,27,499
1704,27,499
1705,26,500
1706,26,500
1707,26,501
1708,26,501
1709,26,502
1710,26,502
1711,25,503
1712,25,503
1713,25,504
1714,25,504
1715,25,504
1716,25,505
1717,25,505
1718,24,506
1719,24,506
1720,24,507
1721,24,507
1722,24,508
1723,24,508
1724,24,509
1725,24,509
1726,23,510
1727,23,510
1728,23,511
1729,23,511
1730,23,512
1731,23,512
1732,22,513
1733,22,513
1734,22,514
1735,22,514
1736,22,514
1737,22,515
1738,22,515
1739,22,516
1740,22,516
1741,21,517
1742,21,517
1743,21,518
1744,21,518
1745,21,519
1746,21,519
1747,21,520
1748,21,520
1749,20,521
1750,20,521
1751,20,522
1752,20,522
1753,20,523
1754,20,523
1755,20,524
1756,20,524
1757,19,525
1758,19,525
1759,19,526
1760,19,526
1761,19,527
1762,19,527
1763,19,528
1764,19,528
1765,19,529
1766,19,529
1767,18,530
1768,18,530
1769,18,531
1770,18,531
1771,18,532
1772,18,532
1773,18,533
1774,18,533
1775,18,534
1776,18,534
1777,17,535
1778,17,535
1779,17,536
1780,17,536
1781,17,537
1782,17,537
1783,17,538
1784,17,538
1785,17,539
1786,17,539
1787,16,540
1788,16,540
1789,16,541
1790,16,541
1791,16,542
1792,16,542
1793,16,543
1794,16,543
1795,16,544
1796,16,544
1797,15,545
1798,15,545
1799,15,546
1800,15,546
1801,15,547
1802,15,547
1803,15,548
1804,15,548
1805,15,549
1806,15,549
1807,15,550
1808,15,550
1809,14,551
1810,14,552
1811,14,552
1812,14,553
1813,14,553
1814,14,554
1815,14,554
1816,14,555
1817,14,555
1818,14,556
1819,14,556
1820,13,557
1821,13,557
1822,13,558
1823,13,558
1824,13,559
1825,13,559
1826,13,560
1827,13,560
1828,13,561
1829,13,561
1830,13,562
1831,13,562
1832,13,563
1833,12,564
1834,12,564
1835,12,565
1836,12,565
1837,12,566
1838,12,566
1839,12,567
1840,12,567
1841,12,568
1842,12,568
1843,12,569
1844,12,569
1845,12,570
1846,12,570
1847,12,571
1848,11,572
1849,11,572
1850,11,573
1851,11,573
1852,11,574
1853,11,574
1854,11,575
1855,11,575
1856,11,576
1857,11,576
1858,11,577
1859,11,577
1860,11,578
1861,11,579
1862,11,579
1863,10,580
1864,10,580
1865,10,581
1866,10,581
1867,10,582
1868,10,582
1869,10,583
1870,10,583
1871,10,584
1872,10,585
1873,10,585
1874,10,586
1875,10,586
1876,10,587
1877,10,587
1878,10,588
1879,10,588
1880,10,589
1881,9,590
1882,9,590
1883,9,591
1884,9,591
1885,9,592
1886,9,592
1887,9,593
1888,9,593
1889,9,594
1890,9,595
1891,9,595
1892,9,596
1893,9,596
1894,9,597
1895,9,597
1896,9,598
1897,9,598
1898,9,599
1899,8,600
1900,8,600
1901,8,601
1902,8,601
1903,8,602
1904,8,602
1905,8,603
1906,8,604
1907,8,604
1908,8,605
1909,8,605
1910,8,606
1911,8,606
1912,8,607
1913,8,608
1914,8,608
1915,8,609
1916,8,609
1917,8,610
1918,8,610
1919,8,611
1920,7,612
1921,7,612
1922,7,613
1923,7,613
1924,7,614
1925,7,614
1926,7,615
1927,7,616
1928,7,616
1929,7,617
1930,7,617
1931,7,618
1932,7,618
1933,7,619
1934,7,620
1935,7,620
1936,7,621
1937,7,621
1938,7,622
1939,7,623
1940,7,623
1941,7,624
1942,7,624
1943,7,625
1944,7,625
1945,7,626
1946,6,627
1947,6,627
1948,6,628
1949,6,628
1950,6,629
1951,6,630
1952,6,630
1953,6,631
1954,6,631
1955,6,632
1956,6,633
1957,6,633
1958,6,634
1959,6,634
1960,6,635
1961,6,636
1962,6,636
1963,6,637
1964,6,637
1965,6,638
1966,6,639
1967,6,639
1968,6,640
1969,6,640
1970,6,641
1971,6,642
1972,6,642
1973,6,643
1974,6,643
1975,5,644
1976,5,645
1977,5,645
1978,5,646
1979,5,646
1980,5,647
1981,5,648
1982,5,648
1983,5,649
1984,5,649
1985,5,650
1986,5,651
1987,5,651
1988,5,652
1989,5,652
1990,5,653
1991,5,654
1992,5,654
1993,5,655
1994,5,656
1995,5,656
1996,5,657
1997,5,657
1998,5,658
1999,5,659
2000,5,659
2001,5,660
2002,5,660
2003,5,661
2004,5,662
2005,5,662
2006,5,663
2007,5,664
2008,5,664
2009,4,665
2010,4,665
2011,4,666
2012,4,667
2013,4,667
2014,4,668
2015,4,669
2016,4,669
2017,4,670
2018,4,670
2019,4,671
2020,4,672
2021,4,672
2022,4,673
2023,4,674
2024,4,674
2025,4,675
2026,4,676
2027,4,676
2028,4,677
2029,4,677
2030,4,678
2031,4,679
2032,4,679
2033,4,680
2034,4,681
2035,4,681
2036,4,682
2037,4,683
2038,4,683
2039,4,684
2040,4,684
2041,4,685
2042,4,686
2043,4,686
2044,4,687
2045,4,688
2046,4,688
2047,4,689
2048,4,690
2049,4,690
2050,4,691
2051,4,692
2052,4,692
2053,3,693
2054,3,694
2055,3,694
2056,3,695
2057,3,695
2058,3,696
2059,3,697
2060,3,697
2061,3,698
2062,3,699
2063,3,699
2064,3,700
2065,3,701
2066,3,701
2067,3,702
2068,3,703
2069,3,703
2070,3,704
2071,3,705
2072,3,705
2073,3,706
2074,3,707
2075,3,707
2076,3,708
2077,3,709
2078,3,709
2079,3,710
2080,3,711
2081,3,711
2082,3,712
2083,3,713
2084,3,713
2085,3,714
2086,3,715
2087,3,715
2088,3,716
2089,3,717
2090,3,717
2091,3,718
2092,3,719
2093,3,719
2094,3,720
2095,3,721
2096,3,721
2097,3,722
2098,3,723
2099,3,723
2100,3,724
2101,3,725
2102,3,725
2103,3,726
2104,3,727
2105,3,728
2106,3,728
2107,3,729
2108,3,730
2109,3,730
2110,2,731
2111,2,732
2112,2,732
2113,2,733
2114,2,734
2115,2,734
2116,2,735
2117,2,736
2118,2,736
2119,2,737
2120,2,738
2121,2,739
2122,2,739
2123,2,740
2124,2,741
2125,2,741
2126,2,742
2127,2,743
2128,2,743
2129,2,744
2130,2,745
2131,2,746
2132,2,746
2133,2,747
2134,2,748
2135,2,748
2136,2,749
2137,2,750
2138,2,750
2139,2,751
2140,2,752
2141,2,753
2142,2,753
2143,2,754
2144,2,755
2145,2,755
2146,2,756
2147,2,757
2148,2,758
2149,2,758
2150,2,759
2151,2,760
2152,2,760
2153,2,761
2154,2,762
2155,2,762
2156,2,763
2157,2,764
2158,2,765
2159,2,765
2160,2,766
2161,2,767
2162,2,768
2163,2,768
2164,2,769
2165,2,770
2166,2,770
2167,2,771
2168,2,772
2169,2,773
2170,2,773
2171,2,774
2172,2,775
2173,2,775
2174,2,776
2175,2,777
2176,2,778
2177,2,778
2178,2,779
2179,2,780
2180,2,781
2181,2,781
2182,2,782
2183,2,783
2184,2,784
2185,2,784
2186,2,785
2187,2,786
2188,2,786
2189,2,787
2190,2,788
2191,2,789
2192,2,789
2193,2,790
2194,2,791
2195,2,792
2196,2,792
2197,2,793
2198,2,794
2199,1,795
2200,1,795
2201,1,796
2202,1,797
2203,1,798
2204,1,798
2205,1,799
2206,1,800
2207,1,801
2208,1,801
2209,1,802
2210,1,803
2211,1,804
2212,1,804
2213,1,805
2214,1,806
2215,1,807
2216,1,807
2217,1,808
2218,1,809
2219,1,810
2220,1,810
2221,1,811
2222,1,812
2223,1,813
2224,1,814
2225,1,814
2226,1,815
2227,1,816
2228,1,817
2229,1,817
2230,1,818
2231,1,819
2232,1,820
2233,1,820
2234,1,821
2235,1,822
2236,1,823
2237,1,824
2238,1,824
2239,1,825
2240,1,826
2241,1,827
2242,1,827
2243,1,828
2244,1,829
2245,1,830
2246,1,831
2247,1,831
2248,1,832
2249,1,833
2250,1,834
2251,1,834
2252,1,835
2253,1,836
2254,1,837
2255,1,838
2256,1,838
2257,1,839
2258,1,840
2259,1,841
2260,1,841
2261,1,842
2262,1,843
2263,1,844
2264,1,845
2265,1,845
2266,1,846
2267,1,847
2268,1,848
2269,1,849
2270,1,849
2271,1,850
2272,1,851
2273,1,852
2274,1,853
2275,1,853
2276,1,854
2277,1,855
2278,1,856
2279,1,857
2280,1,857
2281,1,858
2282,1,859
2283,1,860
2284,1,861
2285,1,861
2286,1,862
2287,1,863
2288,1,864
2289,1,865
2290,1,866
2291,1,866
2292,1,867
2293,1,868
2294,1,869
2295,1,870
2296,1,870
2297,1,871
2298,1,872
2299,1,873
2300,1,874
2301,1,875
2302,1,875
2303,1,876
2304,1,877
2305,1,878
2306,1,879
2307,1,879
2308,1,880
2309,1,881
2310,1,882
2311,1,883
2312,1,884
2313,1,884
2314,1,885
2315,1,886
2316,1,887
2317,1,888
2318,1,889
2319,1,889
2320,1,890
2321,1,891
2322,1,892
2323,1,893
2324,1,894
2325,1,894
2326,1,895
2327,1,896
2328,1,897
2329,1,898
2330,1,899
2331,1,900
2332,1,900
2333,1,901
2334,1,902
2335,1,903
2336,1,904
2337,1,905
2338,1,905
2339,1,906
2340,1,907
2341,1,908
2342,1,909
2343,1,910
2344,1,911
2345,1,911
2346,1,912
2347,1,913
2348,1,914
2349,1,915
2350,1,916
2351,1,917
2352,1,917
2353,1,918
2354,1,919
2355,1,920
2356,1,921
2357,1,922
2358,1,923
2359,1,923
2360,1,924
2361,1,925
2362,1,926
2363,1,927
2364,1,928
2365,1,929
2366,1,930
2367,1,930
2368,1,931
2369,1,932
2370,1,933
2371,1,934
2372,1,935
2373,1,936
2374,1,937
2375,1,937
2376,1,938
2377,1,939
2378,1,940
2379,1,941
2380,1,942
2381,1,943
2382,1,944
2383,1,945
2384,1,945
2385,1,946
2386,1,947
2387,1,948
2388,1,949
2389,1,950
2390,1,951
2391,1,952
2392,1,953
2393,1,953
2394,1,954
2395,1,955
2396,0,956
2397,0,957
2398,0,958
2399,0,959
2400,0,960
2401,0,961
2402,0,962
2403,0,962
2404,0,963
2405,0,964
2406,0,965
2407,0,966
2408,0,967
2409,0,968
2410,0,969
2411,0,970
2412,0,971
2413,0,971
2414,0,972
2415,0,973
2416,0,974
2417,0,975
2418,0,976
2419,0,977
2420,0,978
2421,0,979
2422,0,980
2423,0,981
2424,0,982
2425,0,983
2426,0,983
2427,0,984
2428,0,985
2429,0,986
2430,0,987
2431,0,988
2432,0,989
2433,0,990
2434,0,991
2435,0,992
2436,0,993
2437,0,994
2438,0,995
2439,0,996
2440,0,996
2441,0,997
2442,0,998
2443,0,999
2444,0,1000
2445,0,1001
2446,0,1002
2447,0,1003
2448,0,1004
2449,0,1005
2450,0,1006
2451,0,1007
2452,0,1008
2453,0,1009
2454,0,1010
2455,0,1011
2456,0,1012
2457,0,1012
2458,0,1013
2459,0,1014
2460,0,1015
2461,0,1016
2462,0,1017
2463,0,1018
2464,0,1019
2465,0,1020
2466,0,1021
2467,0,1022
2468,0,1023
2469,0,1024
2470,0,1025
2471,0,1026
2472,0,1027
2473,0,1028
2474,0,1029
2475,0,1030
2476,0,1031
2477,0,1032
2478,0,1033
2479,0,1034
2480,0,1035
2481,0,1036
2482,0,1037
2483,0,1037
2484,0,1038
2485,0,1039
2486,0,1040
2487,0,1041
2488,0,1042
2489,0,1043
2490,0,1044
2491,0,1045
2492,0,1046
2493,0,1047
2494,0,1048
2495,0,1049
2496,0,1050
2497,0,1051
2498,0,1052
2499,0,1053
2500,0,1054
2501,0,1055
2502,0,1056
2503,0,1057
2504,0,1058
2505,0,1059
2506,0,1060
2507,0,1061
2508,0,1062
2509,0,1063
2510,0,1064
2511,0,1065
2512,0,1066
2513,0,1067
2514,0,1068
2515,0,1069
2516,0,1070
2517,0,1071
2518,0,1072
2519,0,1073
2520,0,1074
2521,0,1075
2522,0,1076
2523,0,1077
2524,0,1078
2525,0,1079
2526,0,1080
2527,0,1081
2528,0,1082
2529,0,1083
2530,0,1084
2531,0,1085
2532,0,1086
2533,0,1087
2534,0,1088
2535,0,1089
2536,0,1090
2537,0,1091
2538,0,1092
2539,0,1093
2540,0,1095
2541,0,1096
2542,0,1097
2543,0,1098
2544,0,1099
2545,0,1100
2546,0,1101
2547,0,1102
2548,0,1103
2549,0,1104
2550,0,1105
2551,0,1106
2552,0,1107
2553,0,1108
2554,0,1109
2555,0,1110
2556,0,1111
2557,0,1112
2558,0,1113
2559,0,1114
2560,0,1115
2561,0,1116
2562,0,1117
2563,0,1118
2564,0,1119
2565,0,1121
2566,0,1122
2567,0,1123
2568,0,1124
2569,0,1125
2570,0,1126
2571,0,1127
2572,0,1128
2573,0,1129
2574,0,1130
2575,0,1131
2576,0,1132
2577,0,1133
2578,0,1134
2579,0,1135
2580,0,1136
2581,0,1137
2582,0,1139
2583,0,1140
2584,0,1141
2585,0,1142
2586,0,1143
2587,0,1144
2588,0,1145
2589,0,1146
2590,0,1147
2591,0,1148
2592,0,1149
2593,0,1150
2594,0,1151
2595,0,1153
2596,0,1154
2597,0,1155
2598,0,1156
2599,0,1157
2600,0,1158
2601,0,1159
2602,0,1160
2603,0,1161
2604,0,1162
2605,0,1163
2606,0,1164
2607,0,1166
2608,0,1167
2609,0,1168
2610,0,1169
2611,0,1170
2612,0,1171
2613,0,1172
2614,0,1173
2615,0,1174
2616,0,1175
2617,0,1177
2618,0,1178
2619,0,1179
2620,0,1180
2621,0,1181
2622,0,1182
2623,0,1183
2624,0,1184
2625,0,1185
2626,0,1187
2627,0,1188
2628,0,1189
2629,0,1190
2630,0,1191
2631,0,1192
2632,0,1193
2633,0,1194
2634,0,1196
2635,0,1197
2636,0,1198
2637,0,1199
2638,0,1200
2639,0,1201
2640,0,1202
2641,0,1203
2642,0,1205
2643,0,1206
2644,0,1207
2645,0,1208
2646,0,1209
2647,0,1210
2648,0,1211
2649,0,1212
2650,0,1214
2651,0,1215
2652,0,1216
2653,0,1217
2654,0,1218
2655,0,1219
2656,0,1220
2657,0,1222
2658,0,1223
2659,0,1224
2660,0,1225
2661,0,1226
2662,0,1227
2663,0,1229
2664,0,1230
2665,0,1231
2666,0,1232
2667,0,1233
2668,0,1234
2669,0,1235
2670,0,1237
2671,0,1238
2672,0,1239
2673,0,1240
2674,0,1241
2675,0,1242
2676,0,1244
2677,0,1245
2678,0,1246
2679,0,1247
2680,0,1248
2681,0,1249
2682,0,1251
2683,0,1252
2684,0,1253
2685,0,1254
2686,0,1255
2687,0,1257
2688,0,1258
2689,0,1259
2690,0,1260
2691,0,1261
2692,0,1262
2693,0,1264
2694,0,1265
2695,0,1266
2696,0,1267
2697,0,1268
2698,0,1270
2699,0,1271
2700,0,1272
2701,0,1273
2702,0,1274
2703,0,1276
2704,0,1277
2705,0,1278
2706,0,1279
2707,0,1280
2708,0,1282
2709,0,1283
2710,0,1284
2711,0,1285
2712,0,1286
2713,0,1288
2714,0,1289
2715,0,1290
2716,0,1291
2717,0,1292
2718,0,1294
2719,0,1295
2720,0,1296
2721,0,1297
2722,0,1298
2723,0,1300
2724,0,1301
2725,0,1302
2726,0,1303
2727,0,1305
2728,0,1306
2729,0,1307
2730,0,1308
2731,0,1310
2732,0,1311
2733,0,1312
2734,0,1313
2735,0,1314
2736,0,1316
2737,0,1317
2738,0,1318
2739,0,1319
2740,0,1321
2741,0,1322
2742,0,1323
2743,0,1324
2744,0,1326
2745,0,1327
2746,0,1328
2747,0,1329
2748,0,1331
2749,0,1332
2750,0,1333
2751,0,1334
2752,0,1336
2753,0,1337
2754,0,1338
2755,0,1339
2756,0,1341
2757,0,1342
2758,0,1343
2759,0,1344
2760,0,1346
2761,0,1347
2762,0,1348
2763,0,1349
2764,0,1351
2765,0,1352
2766,0,1353
2767,0,1355
2768,0,1356
2769,0,1357
2770,0,1358
2771,0,1360
2772,0,1361
2773,0,1362
2774,0,1363
2775,0,1365
2776,0,1366
2777,0,1367
2778,0,1369
2779,0,1370
2780,0,1371
2781,0,1372
2782,0,1374
2783,0,1375
2784,0,1376
2785,0,1378
2786,0,1379
2787,0,1380
2788,0,1382
2789,0,1383
2790,0,1384
2791,0,1385
2792,0,1387
2793,0,1388
2794,0,1389
2795,0,1391
2796,0,1392
2797,0,1393
2798,0,1395
2799,0,1396
2800,0,1397
2801,0,1398
2802,0,1400
2803,0,1401
2804,0,1402
2805,0,1404
2806,0,1405
2807,0,1406
2808,0,1408
2809,0,1409
2810,0,1410
2811,0,1412
2812,0,1413
2813,0,1414
2814,0,1416
2815,0,1417
2816,0,1418
2817,0,1420
2818,0,1421
2819,0,1422
2820,0,1424
2821,0,1425
2822,0,1426
2823,0,1428
2824,0,1429
2825,0,1430
2826,0,1432
2827,0,1433
2828,0,1434
2829,0,1436
2830,0,1437
2831,0,1438
2832,0,1440
2833,0,1441
2834,0,1442
2835,0,1444
2836,0,1445
2837,0,1447
2838,0,1448
2839,0,1449
2840,0,1451
2841,0,1452
2842,0,1453
2843,0,1455
2844,0,1456
2845,0,1457
2846,0,1459
2847,0,1460
2848,0,1462
2849,0,1463
2850,0,1464
2851,0,1466
2852,0,1467
2853,0,1468
2854,0,1470
2855,0,1471
2856,0,1473
2857,0,1474
2858,0,1475
2859,0,1477
2860,0,1478
2861,0,1480
2862,0,1481
2863,0,1482
2864,0,1484
2865,0,1485
2866,0,1486
2867,0,1488
2868,0,1489
2869,0,1491
2870,0,1492
2871,0,1493
2872,0,1495
2873,0,1496
2874,0,1498
2875,0,1499
2876,0,1500
2877,0,1502
2878,0,1503
2879,0,1505
2880,0,1506
2881,0,1508
2882,0,1509
2883,0,1510
2884,0,1512
2885,0,1513
2886,0,1515
2887,0,1516
2888,0,1517
2889,0,1519
2890,0,1520
2891,0,1522
2892,0,1523
2893,0,1525
2894,0,1526
2895,0,1528
2896,0,1529
2897,0,1530
2898,0,1532
2899,0,1533
2900,0,1535
2901,0,1536
2902,0,1538
2903,0,1539
2904,0,1540
2905,0,1542
2906,0,1543
2907,0,1545
2908,0,1546
2909,0,1548
2910,0,1549
2911,0,1551
2912,0,1552
2913,0,1554
2914,0,1555
2915,0,1556
2916,0,1558
2917,0,1559
2918,0,1561
2919,0,1562
2920,0,1564
2921,0,1565
2922,0,1567
2923,0,1568
2924,0,1570
2925,0,1571
2926,0,1573
2927,0,1574
2928,0,1576
2929,0,1577
2930,0,1579
2931,0,1580
2932,0,1582
2933,0,1583
2934,0,1584
2935,0,1586
2936,0,1587
2937,0,1589
2938,0,1590
2939,0,1592
2940,0,1593
2941,0,1595
2942,0,1596
2943,0,1598
2944,0,1599
2945,0,1601
2946,0,1602
2947,0,1604
2948,0,1605
2949,0,1607
2950,0,1608
2951,0,1610
2952,0,1611
2953,0,1613
2954,0,1615
2955,0,1616
2956,0,1618
2957,0,1619
2958,0,1621
2959,0,1622
2960,0,1624
2961,0,1625
2962,0,1627
2963,0,1628
2964,0,1630
2965,0,1631
2966,0,1633
2967,0,1634
2968,0,1636
2969,0,1637
2970,0,1639
2971,0,1640
2972,0,1642
2973,0,1644
2974,0,1645
2975,0,1647
2976,0,1648
2977,0,1650
2978,0,1651
2979,0,1653
2980,0,1654
2981,0,1656
2982,0,1658
2983,0,1659
2984,0,1661
2985,0,1662
2986,0,1664
2987,0,1665
2988,0,1667
2989,0,1668
2990,0,1670
2991,0,1672
2992,0,1673
2993,0,1675
2994,0,1676
2995,0,1678
2996,0,1679
2997,0,1681
2998,0,1683
2999,0,1684
3000,0,1686
3001,0,1687
3002,0,1689
3003,0,1691
3004,0,1692
3005,0,1694
3006,0,1695
3007,0,1697
3008,0,1698
3009,0,1700
3010,0,1702
3011,0,1703
3012,0,1705
3013,0,1706
3014,0,1708
3015,0,1710
3016,0,1711
3017,0,1713
3018,0,1714
3019,0,1716
3020,0,1718
3021,0,1719
3022,0,1721
3023,0,1723
3024,0,1724
3025,0,1726
3026,0,1727
3027,0,1729
3028,0,1731
3029,0,1732
3030,0,1734
3031,0,1736
3032,0,1737
3033,0,1739
3034,0,1740
3035,0,1742
3036,0,1744
3037,0,1745
3038,0,1747
3039,0,1749
3040,0,1750
3041,0,1752
3042,0,1754
3043,0,1755
3044,0,1757
3045,0,1759
3046,0,1760
3047,0,1762
3048,0,1763
3049,0,1765
3050,0,1767
3051,0,1768
3052,0,1770
3053,0,1772
3054,0,1773
3055,0,1775
3056,0,1777
3057,0,1778
3058,0,1780
3059,0,1782
3060,0,1783
3061,0,1785
3062,0,1787
3063,0,1788
3064,0,1790
3065,0,1792
3066,0,1794
3067,0,1795
3068,0,1797
3069,0,1799
3070,0,1800
3071,0,1802
3072,0,1804
3073,0,1805
3074,0,1807
3075,0,1809
3076,0,1810
3077,0,1812
3078,0,1814
3079,0,1816
3080,0,1817
3081,0,1819
3082,0,1821
3083,0,1822
3084,0,1824
3085,0,1826
3086,0,1828
3087,0,1829
3088,0,1831
3089,0,1833
3090,0,1834
3091,0,1836
3092,0,1838
3093,0,1840
3094,0,1841
3095,0,1843
3096,0,1845
3097,0,1847
3098,0,1848
3099,0,1850
3100,0,1852
3101,0,1853
3102,0,1855
3103,0,1857
3104,0,1859
3105,0,1860
3106,0,1862
3107,0,1864
3108,0,1866
3109,0,1867
3110,0,1869
3111,0,1871
3112,0,1873
3113,0,1874
3114,0,1876
3115,0,1878
3116,0,1880
3117,0,1882
3118,0,1883
3119,0,1885
3120,0,1887
3121,0,1889
3122,0,1890
3123,0,1892
3124,0,1894
3125,0,1896
3126,0,1897
3127,0,1899
3128,0,1901
3129,0,1903
3130,0,1905
3131,0,1906
3132,0,1908
3133,0,1910
3134,0,1912
3135,0,1914
3136,0,1915
3137,0,1917
3138,0,1919
3139,0,1921
3140,0,1923
3141,0,1924
3142,0,1926
3143,0,1928
3144,0,1930
3145,0,1932
3146,0,1933
3147,0,1935
3148,0,1937
3149,0,1939
3150,0,1941
3151,0,1943
3152,0,1944
3153,0,1946
3154,0,1948
3155,0,1950
3156,0,1952
3157,0,1954
3158,0,1955
3159,0,1957
3160,0,1959
3161,0,1961
3162,0,1963
3163,0,1965
3164,0,1966
3165,0,1968
3166,0,1970
3167,0,1972
3168,0,1974
3169,0,1976
3170,0,1978
3171,0,1979
3172,0,1981
3173,0,1983
3174,0,1985
3175,0,1987
3176,0,1989
3177,0,1991
3178,0,1992
3179,0,1994
3180,0,1996
3181,0,1998
3182,0,2000
3183,0,2002
3184,0,2004
3185,0,2006
3186,0,2007
3187,0,2009
3188,0,2011
3189,0,2013
3190,0,2015
3191,0,2017
3192,0,2019
3193,0,2021
3194,0,2023
3195,0,2024
3196,0,2026
3197,0,2028
3198,0,2030
3199,0,2032
3200,0,2034
3201,0,2036
3202,0,2038
3203,0,2040
3204,0,2042
3205,0,2044
3206,0,2045
3207,0,2047
3208,0,2049
3209,0,2051
3210,0,2053
3211,0,2055
3212,0,2057
3213,0,2059
3214,0,2061
3215,0,2063
3216,0,2065
3217,0,2067
3218,0,2069
3219,0,2071
3220,0,2073
3221,0,2074
3222,0,2076
3223,0,2078
3224,0,2080
3225,0,2082
3226,0,2084
3227,0,2086
3228,0,2088
3229,0,2090
3230,0,2092
3231,0,2094
3232,0,2096
3233,0,2098
3234,0,2100
3235,0,2102
3236,0,2104
3237,0,2106
3238,0,2108
3239,0,2110
3240,0,2112
3241,0,2114
3242,0,2116
3243,0,2118
3244,0,2120
3245,0,2122
3246,0,2124
3247,0,2126
3248,0,2128
3249,0,2130
3250,0,2132
3251,0,2134
3252,0,2136
3253,0,2138
3254,0,2140
3255,0,2142
3256,0,2144
3257,0,2146
3258,0,2148
3259,0,2150
3260,0,2152
3261,0,2154
3262,0,2156
3263,0,2158
3264,0,2160
3265,0,2162
3266,0,2164
3267,0,2166
3268,0,2168
3269,0,2170
3270,0,2172
3271,0,2174
3272,0,2176
3273,0,2178
3274,0,2180
3275,0,2182
3276,0,2184
3277,0,2186
3278,0,2189
3279,0,2191
3280,0,2193
3281,0,2195
3282,0,2197
3283,0,2199
3284,0,2201
3285,0,2203
3286,0,2205
3287,0,2207
3288,0,2209
3289,0,2211
3290,0,2213
3291,0,2215
3292,0,2218
3293,0,2220
3294,0,2222
3295,0,2224
3296,0,2226
3297,0,2228
3298,0,2230
3299,0,2232
3300,0,2234
3301,0,2236
3302,0,2238
3303,0,2241
3304,0,2243
3305,0,2245
3306,0,2247
3307,0,2249
3308,0,2251
3309,0,2253
3310,0,2255
3311,0,2257
3312,0,2260
3313,0,2262
3314,0,2264
3315,0,2266
3316,0,2268
3317,0,2270
3318,0,2272
3319,0,2274
3320,0,2277
3321,0,2279
3322,0,2281
3323,0,2283
3324,0,2285
3325,0,2287
3326,0,2289
3327,0,2292
3328,0,2294
3329,0,2296
3330,0,2298
3331,0,2300
3332,0,2302
3333,0,2305
3334,0,2307
3335,0,2309
3336,0,2311
3337,0,2313
3338,0,2315
3339,0,2318
3340,0,2320
3341,0,2322
3342,0,2324
3343,0,2326
3344,0,2328
3345,0,2331
3346,0,2333
3347,0,2335
3348,0,2337
3349,0,2339
3350,0,2342
3351,0,2344
3352,0,2346
3353,0,2348
3354,0,2350
3355,0,2353
3356,0,2355
3357,0,2357
3358,0,2359
3359,0,2361
3360,0,2364
3361,0,2366
3362,0,2368
3363,0,2370
3364,0,2373
3365,0,2375
3366,0,2377
3367,0,2379
3368,0,2382
3369,0,2384
3370,0,2386
3371,0,2388
3372,0,2390
3373,0,2393
3374,0,2395
3375,0,2397
3376,0,2399
3377,0,2402
3378,0,2404
3379,0,2406
3380,0,2409
3381,0,2411
3382,0,2413
3383,0,2415
3384,0,2418
3385,0,2420
3386,0,2422
3387,0,2424
3388,0,2427
3389,0,2429
3390,0,2431
3391,0,2434
3392,0,2436
3393,0,2438
3394,0,2440
3395,0,2443
3396,0,2445
3397,0,2447
3398,0,2450
3399,0,2452
3400,0,2454
3401,0,2456
3402,0,2459
3403,0,2461
3404,0,2463
3405,0,2466
3406,0,2468
3407,0,2470
3408,0,2473
3409,0,2475
3410,0,2477
3411,0,2480
3412,0,2482
3413,0,2484
3414,0,2487
3415,0,2489
3416,0,2491
3417,0,2494
3418,0,2496
3419,0,2498
3420,0,2501
3421,0,2503
3422,0,2505
3423,0,2508
3424,0,2510
3425,0,2512
3426,0,2515
3427,0,2517
3428,0,2520
3429,0,2522
3430,0,2524
3431,0,2527
3432,0,2529
3433,0,2531
3434,0,2534
3435,0,2536
3436,0,2539
3437,0,2541
3438,0,2543
3439,0,2546
3440,0,2548
3441,0,2550
3442,0,2553
3443,0,2555
3444,0,2558
3445,0,2560
3446,0,2562
3447,0,2565
3448,0,2567
3449,0,2570
3450,0,2572
3451,0,2575
3452,0,2577
3453,0,2579
3454,0,2582
3455,0,2584
3456,0,2587
3457,0,2589
3458,0,2592
3459,0,2594
3460,0,2596
3461,0,2599
3462,0,2601
3463,0,2604
3464,0,2606
3465,0,2609
3466,0,2611
3467,0,2614
3468,0,2616
3469,0,2618
3470,0,2621
3471,0,2623
3472,0,2626
3473,0,2628
3474,0,2631
3475,0,2633
3476,0,2636
3477,0,2638
3478,0,2641
3479,0,2643
3480,0,2646
3481,0,2648
3482,0,2651
3483,0,2653
3484,0,2656
3485,0,2658
3486,0,2661
3487,0,2663
3488,0,2666
3489,0,2668
3490,0,2671
3491,0,2673
3492,0,2676
3493,0,2678
3494,0,2681
3495,0,2683
3496,0,2686
3497,0,2688
3498,0,2691
3499,0,2693
3500,0,2696
3501,0,2698
3502,0,2701
3503,0,2703
3504,0,2706
3505,0,2708
3506,0,2711
3507,0,2714
3508,0,2716
3509,0,2719
3510,0,2721
3511,0,2724
3512,0,2726
3513,0,2729
3514,0,2731
3515,0,2734
3516,0,2737
3517,0,2739
3518,0,2742
3519,0,2744
3520,0,2747
3521,0,2749
3522,0,2752
3523,0,2755
3524,0,2757
3525,0,2760
3526,0,2762
3527,0,2765
3528,0,2768
3529,0,2770
3530,0,2773
3531,0,2775
3532,0,2778
3533,0,2781
3534,0,2783
3535,0,2786
3536,0,2788
3537,0,2791
3538,0,2794
3539,0,2796
3540,0,2799
3541,0,2802
3542,0,2804
3543,0,2807
3544,0,2809
3545,0,2812
3546,0,2815
3547,0,2817
3548,0,2820
3549,0,2823
3550,0,2825
3551,0,2828
3552,0,2831
3553,0,2833
3554,0,2836
3555,0,2839
3556,0,2841
3557,0,2844
3558,0,2847
3559,0,2849
3560,0,2852
3561,0,2855
3562,0,2857
3563,0,2860
3564,0,2863
3565,0,2865
3566,0,2868
3567,0,2871
3568,0,2873
3569,0,2876
3570,0,2879
3571,0,2882
3572,0,2884
3573,0,2887
3574,0,2890
3575,0,2892
3576,0,2895
3577,0,2898
3578,0,2901
3579,0,2903
3580,0,2906
3581,0,2909
3582,0,2911
3583,0,2914
3584,0,2917
3585,0,2920
3586,0,2922
3587,0,2925
3588,0,2928
3589,0,2931
3590,0,2933
3591,0,2936
3592,0,2939
3593,0,2942
3594,0,2944
3595,0,2947
3596,0,2950
3597,0,2953
3598,0,2956
3599,0,2958
3600,0,2961
3601,0,2964
3602,0,2967
3603,0,2969
3604,0,2972
3605,0,2975
3606,0,2978
3607,0,2981
3608,0,2983
3609,0,2986
3610,0,2989
3611,0,2992
3612,0,2995
3613,0,2997
3614,0,3000
3615,0,3003
3616,0,3006
3617,0,3009
3618,0,3012
3619,0,3014
3620,0,3017
3621,0,3020
3622,0,3023
3623,0,3026
3624,0,3029
3625,0,3031
3626,0,3034
3627,0,3037
3628,0,3040
3629,0,3043
3630,0,3046
3631,0,3049
3632,0,3051
3633,0,3054
3634,0,3057
3635,0,3060
3636,0,3063
3637,0,3066
3638,0,3069
3639,0,3072
3640,0,3074
3641,0,3077
3642,0,3080
3643,0,3083
3644,0,3086
3645,0,3089
3646,0,3092
3647,0,3095
3648,0,3098
3649,0,3101
3650,0,3103
3651,0,3106
3652,0,3109
3653,0,3112
3654,0,3115
3655,0,3118
3656,0,3121
3657,0,3124
3658,0,3127
3659,0,3130
3660,0,3133
3661,0,3136
3662,0,3139
3663,0,3142
3664,0,3145
3665,0,3147
3666,0,3150
3667,0,3153
3668,0,3156
3669,0,3159
3670,0,3162
3671,0,3165
3672,0,3168
3673,0,3171
3674,0,3174
3675,0,3177
3676,0,3180
3677,0,3183
3678,0,3186
3679,0,3189
3680,0,3192
3681,0,3195
3682,0,3198
3683,0,3201
3684,0,3204
3685,0,3207
3686,0,3210
3687,0,3213
3688,0,3216
3689,0,3219
3690,0,3222
3691,0,3225
3692,0,3228
3693,0,3231
3694,0,3234
3695,0,3237
3696,0,3240
3697,0,3243
3698,0,3247
3699,0,3250
3700,0,3253
3701,0,3256
3702,0,3259
3703,0,3262
3704,0,3265
3705,0,3268
3706,0,3271
3707,0,3274
3708,0,3277
3709,0,3280
3710,0,3283
3711,0,3286
3712,0,3289
3713,0,3293
3714,0,3296
3715,0,3299
3716,0,3302
3717,0,3305
3718,0,3308
3719,0,3311
3720,0,3314
3721,0,3317
3722,0,3320
3723,0,3324
3724,0,3327
3725,0,3330
3726,0,3333
3727,0,3336
3728,0,3339
3729,0,3342
3730,0,3346
3731,0,3349
3732,0,3352
3733,0,3355
3734,0,3358
3735,0,3361
3736,0,3364
3737,0,3368
3738,0,3371
3739,0,3374
3740,0,3377
3741,0,3380
3742,0,3383
3743,0,3387
3744,0,3390
3745,0,3393
3746,0,3396
3747,0,3399
3748,0,3403
3749,0,3406
3750,0,3409
3751,0,3412
3752,0,3415
3753,0,3419
3754,0,3422
3755,0,3425
3756,0,3428
3757,0,3431
3758,0,3435
3759,0,3438
3760,0,3441
3761,0,3444
3762,0,3448
3763,0,3451
3764,0,3454
3765,0,3457
3766,0,3461
3767,0,3464
3768,0,3467
3769,0,3470
3770,0,3474
3771,0,3477
3772,0,3480
3773,0,3483
3774,0,3487
3775,0,3490
3776,0,3493
3777,0,3496
3778,0,3500
3779,0,3503
3780,0,3506
3781,0,3510
3782,0,3513
3783,0,3516
3784,0,3520
3785,0,3523
3786,0,3526
3787,0,3529
3788,0,3533
3789,0,3536
3790,0,3539
3791,0,3543
3792,0,3546
3793,0,3549
3794,0,3553
3795,0,3556
3796,0,3559
3797,0,3563
3798,0,3566
3799,0,3569
3800,0,3573
3801,0,3576
3802,0,3580
3803,0,3583
3804,0,3586
3805,0,3590
3806,0,3593
3807,0,3596
3808,0,3600
3809,0,3603
3810,0,3607
3811,0,3610
3812,0,3613
3813,0,3617
3814,0,3620
3815,0,3623
3816,0,3627
3817,0,3630
3818,0,3634
3819,0,3637
3820,0,3641
3821,0,3644
3822,0,3647
3823,0,3651
3824,0,3654
3825,0,3658
3826,0,3661
3827,0,3665
3828,0,3668
3829,0,3671
3830,0,3675
3831,0,3678
3832,0,3682
3833,0,3685
3834,0,3689
3835,0,3692
3836,0,3696
3837,0,3699
3838,0,3703
3839,0,3706
3840,0,3710
3841,0,3713
3842,0,3717
3843,0,3720
3844,0,3723
3845,0,3727
3846,0,3730
3847,0,3734
3848,0,3738
3849,0,3741
3850,0,3745
3851,0,3748
3852,0,3752
3853,0,3755
3854,0,3759
3855,0,3762
3856,0,3766
3857,0,3769
3858,0,3773
3859,0,3776
3860,0,3780
3861,0,3783
3862,0,3787
3863,0,3791
3864,0,3794
3865,0,3798
3866,0,3801
3867,0,3805
3868,0,3808
3869,0,3812
3870,0,3816
3871,0,3819
3872,0,3823
3873,0,3826
3874,0,3830
3875,0,3833
3876,0,3837
3877,0,3841
3878,0,3844
3879,0,3848
3880,0,3851
3881,0,3855
3882,0,3859
3883,0,3862
3884,0,3866
3885,0,3870
3886,0,3873
3887,0,3877
3888,0,3881
3889,0,3884
3890,0,3888
3891,0,3891
3892,0,3895
3893,0,3899
3894,0,3902
3895,0,3906
3896,0,3910
3897,0,3913
3898,0,3917
3899,0,3921
3900,0,3925
3901,0,3928
3902,0,3932
3903,0,3936
3904,0,3939
3905,0,3943
3906,0,3947
3907,0,3950
3908,0,3954
3909,0,3958
3910,0,3962
3911,0,3965
3912,0,3969
3913,0,3973
3914,0,3976
3915,0,3980
3916,0,3984
3917,0,3988
3918,0,3991
3919,0,3995
3920,0,3999
3921,0,4003
3922,0,4006
3923,0,4010
3924,0,4014
3925,0,4018
3926,0,4021
3927,0,4025
3928,0,4029
3929,0,4033
3930,0,4037
3931,0,4040
3932,0,4044
3933,0,4048
3934,0,4052
3935,0,4056
3936,0,4059
3937,0,4063
3938,0,4067
3939,0,4071
3940,0,4075
3941,0,4079
3942,0,4082
3943,0,4086
3944,0,4090
3945,0,4094
3946,0,4098
3947,0,4102
3948,0,4105
3949,0,4109
3950,0,4113
3951,0,4117
3952,0,4121
3953,0,4125
3954,0,4129
3955,0,4132
3956,0,4136
3957,0,4140
3958,0,4144
3959,0,4148
3960,0,4152
3961,0,4156
3962,0,4160
3963,0,4164
3964,0,4168
3965,0,4171
3966,0,4175
3967,0,4179
3968,0,4183
3969,0,4187
3970,0,4191
3971,0,4195
3972,0,4199
3973,0,4203
3974,0,4207
3975,0,4211
3976,0,4215
3977,0,4219
3978,0,4223
3979,0,4227
3980,0,4231
3981,0,4235
3982,0,4239
3983,0,4243
3984,0,4247
3985,0,4251
3986,0,4255
3987,0,4259
3988,0,4263
3989,0,4267
3990,0,4271
3991,0,4275
3992,0,4279
3993,0,4283
3994,0,4287
3995,0,4291
3996,0,4295
3997,0,4299
3998,0,4303
3999,0,4307
4000,0,4311
4001,0,4315
4002,0,4319
4003,0,4323
4004,0,4327
4005,0,4331
4006,0,4335
4007,0,4339
4008,0,4343
4009,0,4347
4010,0,4352
4011,0,4356
4012,0,4360
4013,0,4364
4014,0,4368
4015,0,4372
4016,0,4376
4017,0,4380
4018,0,4384
4019,0,4388
4020,0,4393
4021,0,4397
4022,0,4401
4023,0,4405
4024,0,4409
4025,0,4413
4026,0,4417
4027,0,4422
4028,0,4426
4029,0,4430
4030,0,4434
4031,0,4438
4032,0,4442
4033,0,4446
4034,0,4451
4035,0,4455
4036,0,4459
4037,0,4463
4038,0,4467
4039,0,4472
4040,0,4476
4041,0,4480
4042,0,4484
4043,0,4488
4044,0,4493
4045,0,4497
4046,0,4501
4047,0,4505
4048,0,4510
4049,0,4514
4050,0,4518
4051,0,4522
4052,0,4527
4053,0,4531
4054,0,4535
4055,0,4539
4056,0,4544
4057,0,4548
4058,0,4552
4059,0,4556
4060,0,4561
4061,0,4565
4062,0,4569
4063,0,4574
4064,0,4578
4065,0,4582
4066,0,4586
4067,0,4591
4068,0,4595
4069,0,4599
4070,0,4604
4071,0,4608
4072,0,4612
4073,0,4617
4074,0,4621
4075,0,4625
4076,0,4630
4077,0,4634
4078,0,4638
4079,0,4643
4080,0,4647
4081,0,4651
4082,0,4656
4083,0,4660
4084,0,4665
4085,0,4669
4086,0,4673
4087,0,4678
4088,0,4682
4089,0,4687
4090,0,4691
4091,0,4695
4092,0,4700
4093,0,4704
4094,0,4709
4095,0,4713
4096,0,4717
4097,0,4722
4098,0,4726
4099,0,4731
4100,0,4735
4101,0,4740
4102,0,4744
4103,0,4749
4104,0,4753
4105,0,4757
4106,0,4762
4107,0,4766
4108,0,4771
4109,0,4775
4110,0,4780
4111,0,4784
4112,0,4789
4113,0,4793
4114,0,4798
4115,0,4802
4116,0,4807
4117,0,4811
4118,0,4816
4119,0,4820
4120,0,4825
4121,0,4829
4122,0,4834
4123,0,4839
4124,0,4843
4125,0,4848
4126,0,4852
4127,0,4857
4128,0,4861
4129,0,4866
4130,0,4870
4131,0,4875
4132,0,4880
4133,0,4884
4134,0,4889
4135,0,4893
4136,0,4898
4137,0,4903
4138,0,4907
4139,0,4912
4140,0,4916
4141,0,4921
4142,0,4926
4143,0,4930
4144,0,4935
4145,0,4940
4146,0,4944
4147,0,4949
4148,0,4953
4149,0,4958
4150,0,4963
4151,0,4967
4152,0,4972
4153,0,4977
4154,0,4981
4155,0,4986
4156,0,4991
4157,0,4996
4158,0,5000
4159,0,5005
4160,0,5010
4161,0,5014
4162,0,5019
4163,0,5024
4164,0,5028
4165,0,5033
4166,0,5038
4167,0,5043
4168,0,5047
4169,0,5052
4170,0,5057
4171,0,5062
4172,0,5066
4173,0,5071
4174,0,5076
4175,0,5081
4176,0,5085
4177,0,5090
4178,0,5095
4179,0,5100
4180,0,5105
4181,0,5109
4182,0,5114
4183,0,5119
4184,0,5124
4185,0,5129
4186,0,5133
4187,0,5138
4188,0,5143
4189,0,5148
4190,0,5153
4191,0,5158
4192,0,5162
4193,0,5167
4194,0,5172
4195,0,5177
4196,0,5182
4197,0,5187
4198,0,5192
4199,0,5196
4200,0,5201
4201,0,5206
4202,0,5211
4203,0,5216
4204,0,5221
4205,0,5226
4206,0,5231
4207,0,5236
4208,0,5241
4209,0,5245
4210,0,5250
4211,0,5255
4212,0,5260
4213,0,5265
4214,0,5270
4215,0,5275
4216,0,5280
4217,0,5285
4218,0,5290
4219,0,5295
4220,0,5300
4221,0,5305
4222,0,5310
4223,0,5315
4224,0,5320
4225,0,5325
4226,0,5330
4227,0,5335
4228,0,5340
4229,0,5345
4230,0,5350
4231,0,5355
4232,0,5360
4233,0,5365
4234,0,5370
4235,0,5375
4236,0,5380
4237,0,5385
4238,0,5390
4239,0,5395
4240,0,5400
4241,0,5405
4242,0,5411
4243,0,5416
4244,0,5421
4245,0,5426
4246,0,5431
4247,0,5436
4248,0,5441
4249,0,5446
4250,0,5451
4251,0,5456
4252,0,5462
4253,0,5467
4254,0,5472
4255,0,5477
4256,0,5482
4257,0,5487
4258,0,5492
4259,0,5498
4260,0,5503
4261,0,5508
4262,0,5513
4263,0,5518
4264,0,5523
4265,0,5529
4266,0,5534
4267,0,5539
4268,0,5544
4269,0,5549
4270,0,5555
4271,0,5560
4272,0,5565
4273,0,5570
4274,0,5576
4275,0,5581
4276,0,5586
4277,0,5591
4278,0,5597
4279,0,5602
4280,0,5607
4281,0,5612
4282,0,5618
4283,0,5623
4284,0,5628
4285,0,5633
4286,0,5639
4287,0,5644
4288,0,5649
4289,0,5655
4290,0,5660
4291,0,5665
4292,0,5671
4293,0,5676
4294,0,5681
4295,0,5687
4296,0,5692
4297,0,5697
4298,0,5703
4299,0,5708
4300,0,5713
4301,0,5719
4302,0,5724
4303,0,5729
4304,0,5735
4305,0,5740
4306,0,5746
4307,0,5751
4308,0,5756
4309,0,5762
4310,0,5767
4311,0,5773
4312,0,5778
4313,0,5784
4314,0,5789
4315,0,5794
4316,0,5800
4317,0,5805
4318,0,5811
4319,0,5816
4320,0,5822
4321,0,5827
4322,0,5833
4323,0,5838
4324,0,5844
4325,0,5849
4326,0,5855
4327,0,5860
4328,0,5866
4329,0,5871
4330,0,5877
4331,0,5882
4332,0,5888
4333,0,5893
4334,0,5899
4335,0,5904
4336,0,5910
4337,0,5915
4338,0,5921
4339,0,5926
4340,0,5932
4341,0,5938
4342,0,5943
4343,0,5949
4344,0,5954
4345,0,5960
4346,0,5966
4347,0,5971
4348,0,5977
4349,0,5982
4350,0,5988
4351,0,5994
4352,0,5999
4353,0,6005
4354,0,6010
4355,0,6016
4356,0,6022
4357,0,6027
4358,0,6033
4359,0,6039
4360,0,6044
4361,0,6050
4362,0,6056
4363,0,6061
4364,0,6067
4365,0,6073
4366,0,6079
4367,0,6084
4368,0,6090
4369,0,6096
4370,0,6101
4371,0,6107
4372,0,6113
4373,0,6119
4374,0,6124
4375,0,6130
4376,0,6136
4377,0,6142
4378,0,6147
4379,0,6153
4380,0,6159
4381,0,6165
4382,0,6171
4383,0,6176
4384,0,6182
4385,0,6188
4386,0,6194
4387,0,6200
4388,0,6205
4389,0,6211
4390,0,6217
4391,0,6223
4392,0,6229
4393,0,6235
4394,0,6241
4395,0,6246
4396,0,6252
4397,0,6258
4398,0,6264
4399,0,6270
4400,0,6276
4401,0,6282
4402,0,6288
4403,0,6293
4404,0,6299
4405,0,6305
4406,0,6311
4407,0,6317
4408,0,6323
4409,0,6329
4410,0,6335
4411,0,6341
4412,0,6347
4413,0,6353
4414,0,6359
4415,0,6365
4416,0,6371
4417,0,6377
4418,0,6383
4419,0,6389
4420,0,6395
4421,0,6401
4422,0,6407
4423,0,6413
4424,0,6419
4425,0,6425
4426,0,6431
4427,0,6437
4428,0,6443
4429,0,6449
4430,0,6455
4431,0,6461
4432,0,6467
4433,0,6473
4434,0,6479
4435,0,6485
4436,0,6492
4437,0,6498
4438,0,6504
4439,0,6510
4440,0,6516
4441,0,6522
4442,0,6528
4443,0,6534
4444,0,6540
4445,0,6547
4446,0,6553
4447,0,6559
4448,0,6565
4449,0,6571
4450,0,6577
4451,0,6584
4452,0,6590
4453,0,6596
4454,0,6602
4455,0,6608
4456,0,6615
4457,0,6621
4458,0,6627
4459,0,6633
4460,0,6639
4461,0,6646
4462,0,6652
4463,0,6658
4464,0,6664
4465,0,6671
4466,0,6677
4467,0,6683
4468,0,6690
4469,0,6696
4470,0,6702
4471,0,6708
4472,0,6715
4473,0,6721
4474,0,6727
4475,0,6734
4476,0,6740
4477,0,6746
4478,0,6753
4479,0,6759
4480,0,6765
4481,0,6772
4482,0,6778
4483,0,6784
4484,0,6791
4485,0,6797
4486,0,6804
4487,0,6810
4488,0,6816
4489,0,6823
4490,0,6829
4491,0,6836
4492,0,6842
4493,0,6848
4494,0,6855
4495,0,6861
4496,0,6868
4497,0,6874
4498,0,6881
4499,0,6887
4500,0,6894
4501,0,6900
4502,0,6907
4503,0,6913
4504,0,6919
4505,0,6926
4506,0,6933
4507,0,6939
4508,0,6946
4509,0,6952
4510,0,6959
4511,0,6965
4512,0,6972
4513,0,6978
4514,0,6985
4515,0,6991
4516,0,6998
4517,0,7004
4518,0,7011
4519,0,7018
4520,0,7024
4521,0,7031
4522,0,7037
4523,0,7044
4524,0,7051
4525,0,7057
4526,0,7064
4527,0,7071
4528,0,7077
4529,0,7084
4530,0,7090
4531,0,7097
4532,0,7104
4533,0,7110
4534,0,7117
4535,0,7124
4536,0,7131
4537,0,7137
4538,0,7144
4539,0,7151
4540,0,7157
4541,0,7164
4542,0,7171
4543,0,7178
4544,0,7184
4545,0,7191
4546,0,7198
4547,0,7205
4548,0,7211
4549,0,7218
4550,0,7225
4551,0,7232
4552,0,7238
4553,0,7245
4554,0,7252
4555,0,7259
4556,0,7266
4557,0,7273
4558,0,7279
4559,0,7286
4560,0,7293
4561,0,7300
4562,0,7307
4563,0,7314
4564,0,7320
4565,0,7327
4566,0,7334
4567,0,7341
4568,0,7348
4569,0,7355
4570,0,7362
4571,0,7369
4572,0,7376
4573,0,7383
4574,0,7390
4575,0,7396
4576,0,7403
4577,0,7410
4578,0,7417
4579,0,7424
4580,0,7431
4581,0,7438
4582,0,7445
4583,0,7452
4584,0,7459
4585,0,7466
4586,0,7473
4587,0,7480
4588,0,7487
4589,0,7494
4590,0,7501
4591,0,7508
4592,0,7515
4593,0,7523
4594,0,7530
4595,0,7537
4596,0,7544
4597,0,7551
4598,0,7558
4599,0,7565
4600,0,7572
4601,0,7579
4602,0,7586
4603,0,7594
4604,0,7601
4605,0,7608
4606,0,7615
4607,0,7622
4608,0,7629
4609,0,7636
4610,0,7644
4611,0,7651
4612,0,7658
4613,0,7665
4614,0,7672
4615,0,7680
4616,0,7687
4617,0,7694
4618,0,7701
4619,0,7708
4620,0,7716
4621,0,7723
4622,0,7730
4623,0,7737
4624,0,7745
4625,0,7752
4626,0,7759
4627,0,7767
4628,0,7774
4629,0,7781
4630,0,7788
4631,0,7796
4632,0,7803
4633,0,7810
4634,0,7818
4635,0,7825
4636,0,7832
4637,0,7840
4638,0,7847
4639,0,7855
4640,0,7862
4641,0,7869
4642,0,7877
4643,0,7884
4644,0,7892
4645,0,7899
4646,0,7906
4647,0,7914
4648,0,7921
4649,0,7929
4650,0,7936
4651,0,7944
4652,0,7951
4653,0,7959
4654,0,7966
4655,0,7973
4656,0,7981
4657,0,7988
4658,0,7996
4659,0,8003
4660,0,8011
4661,0,8019
4662,0,8026
4663,0,8034
4664,0,8041
4665,0,8049
4666,0,8056
4667,0,8064
4668,0,8071
4669,0,8079
4670,0,8087
4671,0,8094
4672,0,8102
4673,0,8109
4674,0,8117
4675,0,8125
4676,0,8132
4677,0,8140
4678,0,8148
4679,0,8155
4680,0,8163
4681,0,8171
4682,0,8178
4683,0,8186
4684,0,8194
4685,0,8201
4686,0,8209
4687,0,8217
4688,0,8224
4689,0,8232
4690,0,8240
4691,0,8248
4692,0,8255
4693,0,8263
4694,0,8271
4695,0,8279
4696,0,8286
4697,0,8294
4698,0,8302
4699,0,8310
4700,0,8318
4701,0,8325
4702,0,8333
4703,0,8341
4704,0,8349
4705,0,8357
4706,0,8365
4707,0,8372
4708,0,8380
4709,0,8388
4710,0,8396
4711,0,8404
4712,0,8412
4713,0,8420
4714,0,8428
4715,0,8436
4716,0,8443
4717,0,8451
4718,0,8459
4719,0,8467
4720,0,8475
4721,0,8483
4722,0,8491
4723,0,8499
4724,0,8507
4725,0,8515
4726,0,8523
4727,0,8531
4728,0,8539
4729,0,8547
4730,0,8555
4731,0,8563
4732,0,8571
4733,0,8579
4734,0,8587
4735,0,8595
4736,0,8604
4737,0,8612
4738,0,8620
4739,0,8628
4740,0,8636
4741,0,8644
4742,0,8652
4743,0,8660
4744,0,8668
4745,0,8677
4746,0,8685
4747,0,8693
4748,0,8701
4749,0,8709
4750,0,8717
4751,0,8726
4752,0,8734
4753,0,8742
4754,0,8750
4755,0,8758
4756,0,8767
4757,0,8775
4758,0,8783
4759,0,8791
4760,0,8800
4761,0,8808
4762,0,8816
4763,0,8824
4764,0,8833
4765,0,8841
4766,0,8849
4767,0,8858
4768,0,8866
4769,0,8874
4770,0,8883
4771,0,8891
4772,0,8899
4773,0,8908
4774,0,8916
4775,0,8924
4776,0,8933
4777,0,8941
4778,0,8950
4779,0,8958
4780,0,8966
4781,0,8975
4782,0,8983
4783,0,8992
4784,0,9000
4785,0,9009
4786,0,9017
4787,0,9026
4788,0,9034
4789,0,9042
4790,0,9051
4791,0,9059
4792,0,9068
4793,0,9076
4794,0,9085
4795,0,9094
4796,0,9102
4797,0,9111
4798,0,9119
4799,0,9128
4800,0,9136
4801,0,9145
4802,0,9154
4803,0,9162
4804,0,9171
4805,0,9179
4806,0,9188
4807,0,9197
4808,0,9205
4809,0,9214
4810,0,9223
4811,0,9231
4812,0,9240
4813,0,9249
4814,0,9257
4815,0,9266
4816,0,9275
4817,0,9283
4818,0,9292
4819,0,9301
4820,0,9310
4821,0,9318
4822,0,9327
4823,0,9336
4824,0,9345
4825,0,9353
4826,0,9362
4827,0,9371
4828,0,9380
4829,0,9389
4830,0,9397
4831,0,9406
4832,0,9415
4833,0,9424
4834,0,9433
4835,0,9442
4836,0,9450
4837,0,9459
4838,0,9468
4839,0,9477
4840,0,9486
4841,0,9495
4842,0,9504
4843,0,9513
4844,0,9522
4845,0,9531
4846,0,9540
4847,0,9549
4848,0,9558
4849,0,9567
4850,0,9575
4851,0,9584
4852,0,9593
4853,0,9602
4854,0,9612
4855,0,9621
4856,0,9630
4857,0,9639
4858,0,9648
4859,0,9657
4860,0,9666
4861,0,9675
4862,0,9684
4863,0,9693
4864,0,9702
4865,0,9711
4866,0,9720
4867,0,9730
4868,0,9739
4869,0,9748
4870,0,9757
4871,0,9766
4872,0,9775
4873,0,9785
4874,0,9794
4875,0,9803
4876,0,9812
4877,0,9821
4878,0,9831
4879,0,9840
4880,0,9849
4881,0,9858
4882,0,9868
4883,0,9877
4884,0,9886
4885,0,9895
4886,0,9905
4887,0,9914
4888,0,9923
4889,0,9933
4890,0,9942
4891,0,9951
4892,0,9961
4893,0,9970
4894,0,9979
4895,0,9989
4896,0,9998
4897,0,10008
4898,0,10017
4899,0,10026
4900,0,10036
4901,0,10045
4902,0,10055
4903,0,10064
4904,0,10073
4905,0,10083
4906,0,10092
4907,0,10102
4908,0,10111
4909,0,10121
4910,0,10130
4911,0,10140
4912,0,10149
4913,0,10159
4914,0,10169
4915,0,10178
4916,0,10188
4917,0,10197
4918,0,10207
4919,0,10216
4920,0,10226
4921,0,10236
4922,0,10245
4923,0,10255
4924,0,10264
4925,0,10274
4926,0,10284
4927,0,10293
4928,0,10303
4929,0,10313
4930,0,10322
4931,0,10332
4932,0,10342
4933,0,10352
4934,0,10361
4935,0,10371
4936,0,10381
4937,0,10390
4938,0,10400
4939,0,10410
4940,0,10420
4941,0,10430
4942,0,10439
4943,0,10449
4944,0,10459
4945,0,10469
4946,0,10479
4947,0,10489
4948,0,10498
4949,0,10508
4950,0,10518
4951,0,10528
4952,0,10538
4953,0,10548
4954,0,10558
4955,0,10568
4956,0,10578
4957,0,10587
4958,0,10597
4959,0,10607
4960,0,10617
4961,0,10627
4962,0,10637
4963,0,10647
4964,0,10657
4965,0,10667
4966,0,10677
4967,0,10687
4968,0,10697
4969,0,10707
4970,0,10717
4971,0,10728
4972,0,10738
4973,0,10748
4974,0,10758
4975,0,10768
4976,0,10778
4977,0,10788
4978,0,10798
4979,0,10808
4980,0,10819
4981,0,10829
4982,0,10839
4983,0,10849
4984,0,10859
4985,0,10869
4986,0,10880
4987,0,10890
4988,0,10900
4989,0,10910
4990,0,10921
4991,0,10931
4992,0,10941
4993,0,10951
4994,0,10962
4995,0,10972
4996,0,10982
4997,0,10993
4998,0,11003
4999,0,11013
5000,0,11024
5001,0,11034
5002,0,11044
5003,0,11055
5004,0,11065
5005,0,11076
5006,0,11086
5007,0,11096
5008,0,11107
5009,0,11117
5010,0,11128
5011,0,11138
5012,0,11149
5013,0,11159
5014,0,11170
5015,0,11180
5016,0,11191
5017,0,11201
5018,0,11212
5019,0,11222
5020,0,11233
5021,0,11243
5022,0,11254
5023,0,11264
5024,0,11275
5025,0,11285
5026,0,11296
5027,0,11307
5028,0,11317
5029,0,11328
5030,0,11339
5031,0,11349
5032,0,11360
5033,0,11371
5034,0,11381
5035,0,11392
5036,0,11403
5037,0,11413
5038,0,11424
5039,0,11435
5040,0,11446
5041,0,11456
5042,0,11467
5043,0,11478
5044,0,11489
5045,0,11499
5046,0,11510
5047,0,11521
5048,0,11532
5049,0,11543
5050,0,11554
5051,0,11564
5052,0,11575
5053,0,11586
5054,0,11597
5055,0,11608
5056,0,11619
5057,0,11630
5058,0,11641
5059,0,11652
5060,0,11662
5061,0,11673
5062,0,11684
5063,0,11695
5064,0,11706
5065,0,11717
5066,0,11728
5067,0,11739
5068,0,11750
5069,0,11761
5070,0,11773
5071,0,11784
5072,0,11795
5073,0,11806
5074,0,11817
5075,0,11828
5076,0,11839
5077,0,11850
5078,0,11861
5079,0,11872
5080,0,11884
5081,0,11895
5082,0,11906
5083,0,11917
5084,0,11928
5085,0,11939
5086,0,11951
5087,0,11962
5088,0,11973
5089,0,11984
5090,0,11996
5091,0,12007
5092,0,12018
5093,0,12029
5094,0,12041
5095,0,12052
5096,0,12063
5097,0,12075
5098,0,12086
5099,0,12097
5100,0,12109
5101,0,12120
5102,0,12132
5103,0,12143
5104,0,12154
5105,0,12166
5106,0,12177
5107,0,12189
5108,0,12200
5109,0,12212
5110,0,12223
5111,0,12235
5112,0,12246
5113,0,12258
5114,0,12269
5115,0,12281
5116,0,12292
5117,0,12304
5118,0,12315
5119,0,12327
5120,0,12338
5121,0,12350
5122,0,12362
5123,0,12373
5124,0,12385
5125,0,12396
5126,0,12408
5127,0,12420
5128,0,12431
5129,0,12443
5130,0,12455
5131,0,12466
5132,0,12478
5133,0,12490
5134,0,12502
5135,0,12513
5136,0,12525
5137,0,12537
5138,0,12549
5139,0,12560
5140,0,12572
5141,0,12584
5142,0,12596
5143,0,12608
5144,0,12620
5145,0,12631
5146,0,12643
5147,0,12655
5148,0,12667
5149,0,12679
5150,0,12691
5151,0,12703
5152,0,12715
5153,0,12727
5154,0,12739
5155,0,12751
5156,0,12763
5157,0,12775
5158,0,12787
5159,0,12799
5160,0,12811
5161,0,12823
5162,0,12835
5163,0,12847
5164,0,12859
5165,0,12871
5166,0,12883
5167,0,12895
5168,0,12907
5169,0,12919
5170,0,12931
5171,0,12944
5172,0,12956
5173,0,12968
5174,0,12980
5175,0,12992
5176,0,13004
5177,0,13017
5178,0,13029
5179,0,13041
5180,0,13053
5181,0,13066
5182,0,13078
5183,0,13090
5184,0,13102
5185,0,13115
5186,0,13127
5187,0,13139
5188,0,13152
5189,0,13164
5190,0,13177
5191,0,13189
5192,0,13201
5193,0,13214
5194,0,13226
5195,0,13239
5196,0,13251
5197,0,13263
5198,0,13276
5199,0,13288
5200,0,13301
5201,0,13313
5202,0,13326
5203,0,13338
5204,0,13351
5205,0,13363
5206,0,13376
5207,0,13389
5208,0,13401
5209,0,13414
5210,0,13426
5211,0,13439
5212,0,13452
5213,0,13464
5214,0,13477
5215,0,13489
5216,0,13502
5217,0,13515
5218,0,13528
5219,0,13540
5220,0,13553
5221,0,13566
5222,0,13578
5223,0,13591
5224,0,13604
5225,0,13617
5226,0,13630
5227,0,13642
5228,0,13655
5229,0,13668
5230,0,13681
5231,0,13694
5232,0,13707
5233,0,13719
5234,0,13732
5235,0,13745
5236,0,13758
5237,0,13771
5238,0,13784
5239,0,13797
5240,0,13810
5241,0,13823
5242,0,13836
5243,0,13849
5244,0,13862
5245,0,13875
5246,0,13888
5247,0,13901
5248,0,13914
5249,0,13927
5250,0,13940
5251,0,13953
5252,0,13966
5253,0,13979
5254,0,13993
5255,0,14006
5256,0,14019
5257,0,14032
5258,0,14045
5259,0,14058
5260,0,14072
5261,0,14085
5262,0,14098
5263,0,14111
5264,0,14125
5265,0,14138
5266,0,14151
5267,0,14164
5268,0,14178
5269,0,14191
5270,0,14204
5271,0,14218
5272,0,14231
5273,0,14244
5274,0,14258
5275,0,14271
5276,0,14285
5277,0,14298
5278,0,14311
5279,0,14325
5280,0,14338
5281,0,14352
5282,0,14365
5283,0,14379
5284,0,14392
5285,0,14406
5286,0,14419
5287,0,14433
5288,0,14446
5289,0,14460
5290,0,14474
5291,0,14487
5292,0,14501
5293,0,14514
5294,0,14528
5295,0,14542
5296,0,14555
5297,0,14569
5298,0,14583
5299,0,14596
5300,0,14610
5301,0,14624
5302,0,14638
5303,0,14651
5304,0,14665
5305,0,14679
5306,0,14693
5307,0,14706
5308,0,14720
5309,0,14734
5310,0,14748
5311,0,14762
5312,0,14776
5313,0,14790
5314,0,14803
5315,0,14817
5316,0,14831
5317,0,14845
5318,0,14859
5319,0,14873
5320,0,14887
5321,0,14901
5322,0,14915
5323,0,14929
5324,0,14943
5325,0,14957
5326,0,14971
5327,0,14985
5328,0,14999
5329,0,15013
5330,0,15028
5331,0,15042
5332,0,15056
5333,0,15070
5334,0,15084
5335,0,15098
5336,0,15112
5337,0,15127
5338,0,15141
5339,0,15155
5340,0,15169
5341,0,15184
5342,0,15198
5343,0,15212
5344,0,15226
5345,0,15241
5346,0,15255
5347,0,15269
5348,0,15284
5349,0,15298
5350,0,15312
5351,0,15327
5352,0,15341
5353,0,15356
5354,0,15370
5355,0,15384
5356,0,15399
5357,0,15413
5358,0,15428
5359,0,15442
5360,0,15457
5361,0,15471
5362,0,15486
5363,0,15500
5364,0,15515
5365,0,15530
5366,0,15544
5367,0,15559
5368,0,15573
5369,0,15588
5370,0,15603
5371,0,15617
5372,0,15632
5373,0,15647
5374,0,15661
5375,0,15676
5376,0,15691
5377,0,15706
5378,0,15720
5379,0,15735
5380,0,15750
5381,0,15765
5382,0,15779
5383,0,15794
5384,0,15809
5385,0,15824
5386,0,15839
5387,0,15854
5388,0,15869
5389,0,15883
5390,0,15898
5391,0,15913
5392,0,15928
5393,0,15943
5394,0,15958
5395,0,15973
5396,0,15988
5397,0,16003
5398,0,16018
5399,0,16033
5400,0,16048
5401,0,16063
5402,0,16079
5403,0,16094
5404,0,16109
5405,0,16124
5406,0,16139
5407,0,16154
5408,0,16169
5409,0,16185
5410,0,16200
5411,0,16215
5412,0,16230
5413,0,16245
5414,0,16261
5415,0,16276
5416,0,16291
5417,0,16307
5418,0,16322
5419,0,16337
5420,0,16353
5421,0,16368
5422,0,16383
5423,0,16399
5424,0,16414
5425,0,16430
5426,0,16445
5427,0,16460
5428,0,16476
5429,0,16491
5430,0,16507
5431,0,16522
5432,0,16538
5433,0,16553
5434,0,16569
5435,0,16585
5436,0,16600
5437,0,16616
5438,0,16631
5439,0,16647
5440,0,16663
5441,0,16678
5442,0,16694
5443,0,16710
5444,0,16725
5445,0,16741
5446,0,16757
5447,0,16772
5448,0,16788
5449,0,16804
5450,0,16820
5451,0,16836
5452,0,16851
5453,0,16867
5454,0,16883
5455,0,16899
5456,0,16915
5457,0,16931
5458,0,16947
5459,0,16962
5460,0,16978
5461,0,16994
5462,0,17010
5463,0,17026
5464,0,17042
5465,0,17058
5466,0,17074
5467,0,17090
5468,0,17106
5469,0,17122
5470,0,17139
5471,0,17155
5472,0,17171
5473,0,17187
5474,0,17203
5475,0,17219
5476,0,17235
5477,0,17252
5478,0,17268
5479,0,17284
5480,0,17300
5481,0,17316
5482,0,17333
5483,0,17349
5484,0,17365
5485,0,17382
5486,0,17398
5487,0,17414
5488,0,17431
5489,0,17447
5490,0,17463
5491,0,17480
5492,0,17496
5493,0,17513
5494,0,17529
5495,0,17546
5496,0,17562
5497,0,17579
5498,0,17595
5499,0,17612
5500,0,17628
5501,0,17645
5502,0,17661
5503,0,17678
5504,0,17695
5505,0,17711
5506,0,17728
5507,0,17744
5508,0,17761
5509,0,17778
5510,0,17794
5511,0,17811
5512,0,17828
5513,0,17845
5514,0,17861
5515,0,17878
5516,0,17895
5517,0,17912
5518,0,17929
5519,0,17945
5520,0,17962
5521,0,17979
5522,0,17996
5523,0,18013
5524,0,18030
5525,0,18047
5526,0,18064
5527,0,18081
5528,0,18098
5529,0,18115
5530,0,18132
5531,0,18149
5532,0,18166
5533,0,18183
5534,0,18200
5535,0,18217
5536,0,18234
5537,0,18251
5538,0,18268
5539,0,18286
5540,0,18303
5541,0,18320
5542,0,18337
5543,0,18354
5544,0,18372
5545,0,18389
5546,0,18406
5547,0,18424
5548,0,18441
5549,0,18458
5550,0,18475
5551,0,18493
5552,0,18510
5553,0,18528
5554,0,18545
5555,0,18562
5556,0,18580
5557,0,18597
5558,0,18615
5559,0,18632
5560,0,18650
5561,0,18667
5562,0,18685
5563,0,18702
5564,0,18720
5565,0,18738
5566,0,18755
5567,0,18773
5568,0,18790
5569,0,18808
5570,0,18826
5571,0,18843
5572,0,18861
5573,0,18879
5574,0,18897
5575,0,18914
5576,0,18932
5577,0,18950
5578,0,18968
5579,0,18985
5580,0,19003
5581,0,19021
5582,0,19039
5583,0,19057
5584,0,19075
5585,0,19093
5586,0,19111
5587,0,19129
5588,0,19147
5589,0,19165
5590,0,19183
5591,0,19201
5592,0,19219
5593,0,19237
5594,0,19255
5595,0,19273
5596,0,19291
5597,0,19309
5598,0,19327
5599,0,19345
5600,0,19363
5601,0,19382
5602,0,19400
5603,0,19418
5604,0,19436
5605,0,19455
5606,0,19473
5607,0,19491
5608,0,19509
5609,0,19528
5610,0,19546
5611,0,19565
5612,0,19583
5613,0,19601
5614,0,19620
5615,0,19638
5616,0,19657
5617,0,19675
5618,0,19694
5619,0,19712
5620,0,19731
5621,0,19749
5622,0,19768
5623,0,19786
5624,0,19805
5625,0,19823
5626,0,19842
5627,0,19861
5628,0,19879
5629,0,19898
5630,0,19917
5631,0,19935
5632,0,19954
5633,0,19973
5634,0,19992
5635,0,20010
5636,0,20029
5637,0,20048
5638,0,20067
5639,0,20086
5640,0,20105
5641,0,20123
5642,0,20142
5643,0,20161
5644,0,20180
5645,0,20199
5646,0,20218
5647,0,20237
5648,0,20256
5649,0,20275
5650,0,20294
5651,0,20313
5652,0,20332
5653,0,20351
5654,0,20371
5655,0,20390
5656,0,20409
5657,0,20428
5658,0,20447
5659,0,20466
5660,0,20486
5661,0,20505
5662,0,20524
5663,0,20543
5664,0,20563
5665,0,20582
5666,0,20601
5667,0,20621
5668,0,20640
5669,0,20659
5670,0,20679
5671,0,20698
5672,0,20718
5673,0,20737
5674,0,20757
5675,0,20776
5676,0,20796
5677,0,20815
5678,0,20835
5679,0,20854
5680,0,20874
5681,0,20894
5682,0,20913
5683,0,20933
5684,0,20953
5685,0,20972
5686,0,20992
5687,0,21012
5688,0,21031
5689,0,21051
5690,0,21071
5691,0,21091
5692,0,21110
5693,0,21130
5694,0,21150
5695,0,21170
5696,0,21190
5697,0,21210
5698,0,21230
5699,0,21250
5700,0,21270
5701,0,21290
5702,0,21310
5703,0,21330
5704,0,21350
5705,0,21370
5706,0,21390
5707,0,21410
5708,0,21430
5709,0,21450
5710,0,21470
5711,0,21490
5712,0,21511
5713,0,21531
5714,0,21551
5715,0,21571
5716,0,21592
5717,0,21612
5718,0,21632
5719,0,21652
5720,0,21673
5721,0,21693
5722,0,21714
5723,0,21734
5724,0,21754
5725,0,21775
5726,0,21795
5727,0,21816
5728,0,21836
5729,0,21857
5730,0,21877
5731,0,21898
5732,0,21918
5733,0,21939
5734,0,21960
5735,0,21980
5736,0,22001
5737,0,22022
5738,0,22042
5739,0,22063
5740,0,22084
5741,0,22104
5742,0,22125
5743,0,22146
5744,0,22167
5745,0,22188
5746,0,22208
5747,0,22229
5748,0,22250
5749,0,22271
5750,0,22292
5751,0,22313
5752,0,22334
5753,0,22355
5754,0,22376
5755,0,22397
5756,0,22418
5757,0,22439
5758,0,22460
5759,0,22481
5760,0,22502
5761,0,22523
5762,0,22545
5763,0,22566
5764,0,22587
5765,0,22608
5766,0,22629
5767,0,22651
5768,0,22672
5769,0,22693
5770,0,22715
5771,0,22736
5772,0,22757
5773,0,22779
5774,0,22800
5775,0,22821
5776,0,22843
5777,0,22864
5778,0,22886
5779,0,22907
5780,0,22929
5781,0,22950
5782,0,22972
5783,0,22993
5784,0,23015
5785,0,23037
5786,0,23058
5787,0,23080
5788,0,23102
5789,0,23123
5790,0,23145
5791,0,23167
5792,0,23189
5793,0,23210
5794,0,23232
5795,0,23254
5796,0,23276
5797,0,23298
5798,0,23320
5799,0,23342
5800,0,23363
5801,0,23385
5802,0,23407
5803,0,23429
5804,0,23451
5805,0,23473
5806,0,23495
5807,0,23517
5808,0,23540
5809,0,23562
5810,0,23584
5811,0,23606
5812,0,23628
5813,0,23650
5814,0,23673
5815,0,23695
5816,0,23717
5817,0,23739
5818,0,23762
5819,0,23784
5820,0,23806
5821,0,23829
5822,0,23851
5823,0,23873
5824,0,23896
5825,0,23918
5826,0,23941
5827,0,23963
5828,0,23986
5829,0,24008
5830,0,24031
5831,0,24053
5832,0,24076
5833,0,24099
5834,0,24121
5835,0,24144
5836,0,24167
5837,0,24189
5838,0,24212
5839,0,24235
5840,0,24258
5841,0,24280
5842,0,24303
5843,0,24326
5844,0,24349
5845,0,24372
5846,0,24395
5847,0,24418
5848,0,24440
5849,0,24463
5850,0,24486
5851,0,24509
5852,0,24532
5853,0,24555
5854,0,24579
5855,0,24602
5856,0,24625
5857,0,24648
5858,0,24671
5859,0,24694
5860,0,24717
5861,0,24741
5862,0,24764
5863,0,24787
5864,0,24810
5865,0,24834
5866,0,24857
5867,0,24880
5868,0,24904
5869,0,24927
5870,0,24951
5871,0,24974
5872,0,24997
5873,0,25021
5874,0,25044
5875,0,25068
5876,0,25091
5877,0,25115
5878,0,25139
5879,0,25162
5880,0,25186
5881,0,25210
5882,0,25233
5883,0,25257
5884,0,25281
5885,0,25304
5886,0,25328
5887,0,25352
5888,0,25376
5889,0,25400
5890,0,25423
5891,0,25447
5892,0,25471
5893,0,25495
5894,0,25519
5895,0,25543
5896,0,25567
5897,0,25591
5898,0,25615
5899,0,25639
5900,0,25663
5901,0,25687
5902,0,25712
5903,0,25736
5904,0,25760
5905,0,25784
5906,0,25808
5907,0,25833
5908,0,25857
5909,0,25881
5910,0,25905
5911,0,25930
5912,0,25954
5913,0,25978
5914,0,26003
5915,0,26027
5916,0,26052
5917,0,26076
5918,0,26101
5919,0,26125
5920,0,26150
5921,0,26174
5922,0,26199
5923,0,26224
5924,0,26248
5925,0,26273
5926,0,26298
5927,0,26322
5928,0,26347
5929,0,26372
5930,0,26396
5931,0,26421
5932,0,26446
5933,0,26471
5934,0,26496
5935,0,26521
5936,0,26546
5937,0,26571
5938,0,26595
5939,0,26620
5940,0,26645
5941,0,26671
5942,0,26696
5943,0,26721
5944,0,26746
5945,0,26771
5946,0,26796
5947,0,26821
5948,0,26846
5949,0,26872
5950,0,26897
5951,0,26922
5952,0,26947
5953,0,26973
5954,0,26998
5955,0,27023
5956,0,27049
5957,0,27074
5958,0,27100
5959,0,27125
5960,0,27151
5961,0,27176
5962,0,27202
5963,0,27227
5964,0,27253
5965,0,27278
5966,0,27304
5967,0,27330
5968,0,27355
5969,0,27381
5970,0,27407
5971,0,27432
5972,0,27458
5973,0,27484
5974,0,27510
5975,0,27536
5976,0,27562
5977,0,27587
5978,0,27613
5979,0,27639
5980,0,27665
5981,0,27691
5982,0,27717
5983,0,27743
5984,0,27769
5985,0,27795
5986,0,27822
5987,0,27848
5988,0,27874
5989,0,27900
5990,0,27926
5991,0,27952
5992,0,27979
5993,0,28005
5994,0,28031
5995,0,28058
5996,0,28084
5997,0,28110
5998,0,28137
5999,0,28163
6000,0,28190
6001,0,28216
6002,0,28243
6003,0,28269
6004,0,28296
6005,0,28322
6006,0,28349
6007,0,28376
6008,0,28402
6009,0,28429
6010,0,28456
6011,0,28482
6012,0,28509
6013,0,28536
6014,0,28563
6015,0,28589
6016,0,28616
6017,0,28643
6018,0,28670
6019,0,28697
6020,0,28724
6021,0,28751
6022,0,28778
6023,0,28805
6024,0,28832
6025,0,28859
6026,0,28886
6027,0,28913
6028,0,28941
6029,0,28968
6030,0,28995
6031,0,29022
6032,0,29049
6033,0,29077
6034,0,29104
6035,0,29131
6036,0,29159
6037,0,29186
6038,0,29214
6039,0,29241
6040,0,29268
6041,0,29296
6042,0,29323
6043,0,29351
6044,0,29379
6045,0,29406
6046,0,29434
6047,0,29461
6048,0,29489
6049,0,29517
6050,0,29545
6051,0,29572
6052,0,29600
6053,0,29628
6054,0,29656
6055,0,29684
6056,0,29711
6057,0,29739
6058,0,29767
6059,0,29795
6060,0,29823
6061,0,29851
6062,0,29879
6063,0,29907
6064,0,29935
6065,0,29964
6066,0,29992
6067,0,30020
6068,0,30048
6069,0,30076
6070,0,30105
6071,0,30133
6072,0,30161
6073,0,30190
6074,0,30218
6075,0,30246
6076,0,30275
6077,0,30303
6078,0,30332
6079,0,30360
6080,0,30389
6081,0,30417
6082,0,30446
6083,0,30474
6084,0,30503
6085,0,30532
6086,0,30560
6087,0,30589
6088,0,30618
6089,0,30646
6090,0,30675
6091,0,30704
6092,0,30733
6093,0,30762
6094,0,30791
6095,0,30820
6096,0,30849
6097,0,30878
6098,0,30907
6099,0,30936
6100,0,30965
6101,0,30994
6102,0,31023
6103,0,31052
6104,0,31081
6105,0,31110
6106,0,31140
6107,0,31169
6108,0,31198
6109,0,31227
6110,0,31257
6111,0,31286
6112,0,31315
6113,0,31345
6114,0,31374
6115,0,31404
6116,0,31433
6117,0,31463
6118,0,31492
6119,0,31522
6120,0,31552
6121,0,31581
6122,0,31611
6123,0,31641
6124,0,31670
6125,0,31700
6126,0,31730
6127,0,31760
6128,0,31789
6129,0,31819
6130,0,31849
6131,0,31879
6132,0,31909
6133,0,31939
6134,0,31969
6135,0,31999
6136,0,32029
6137,0,32059
6138,0,32089
6139,0,32119
6140,0,32150
6141,0,32180
6142,0,32210
6143,0,32240
6144,0,32271
6145,0,32301
6146,0,32331
6147,0,32362
6148,0,32392
6149,0,32422
6150,0,32453
6151,0,32483
6152,0,32514
6153,0,32544
6154,0,32575
6155,0,32606
6156,0,32636
6157,0,32667
6158,0,32698
6159,0,32728
6160,0,32759
6161,0,32790
6162,0,32821
6163,0,32851
6164,0,32882
6165,0,32913
6166,0,32944
6167,0,32975
6168,0,33006
6169,0,33037
6170,0,33068
6171,0,33099
6172,0,33130
6173,0,33161
6174,0,33193
6175,0,33224
6176,0,33255
6177,0,33286
6178,0,33317
6179,0,33349
6180,0,33380
6181,0,33411
6182,0,33443
6183,0,33474
6184,0,33506
6185,0,33537
6186,0,33569
6187,0,33600
6188,0,33632
6189,0,33663
6190,0,33695
6191,0,33727
6192,0,33758
6193,0,33790
6194,0,33822
6195,0,33853
6196,0,33885
6197,0,33917
6198,0,33949
6199,0,33981
6200,0,34013
6201,0,34045
6202,0,34077
6203,0,34109
6204,0,34141
6205,0,34173
6206,0,34205
6207,0,34237
6208,0,34269
6209,0,34301
6210,0,34334
6211,0,34366
6212,0,34398
6213,0,34430
6214,0,34463
6215,0,34495
6216,0,34528
6217,0,34560
6218,0,34592
6219,0,34625
6220,0,34658
6221,0,34690
6222,0,34723
6223,0,34755
6224,0,34788
6225,0,34821
6226,0,34853
6227,0,34886
6228,0,34919
6229,0,34952
6230,0,34984
6231,0,35017
6232,0,35050
6233,0,35083
6234,0,35116
6235,0,35149
6236,0,35182
6237,0,35215
6238,0,35248
6239,0,35281
6240,0,35314
6241,0,35348
6242,0,35381
6243,0,35414
6244,0,35447
6245,0,35481
6246,0,35514
6247,0,35547
6248,0,35581
6249,0,35614
6250,0,35648
6251,0,35681
6252,0,35715
6253,0,35748
6254,0,35782
6255,0,35815
6256,0,35849
6257,0,35883
6258,0,35916
6259,0,35950
6260,0,35984
6261,0,36018
6262,0,36052
6263,0,36085
6264,0,36119
6265,0,36153
6266,0,36187
6267,0,36221
6268,0,36255
6269,0,36289
6270,0,36323
6271,0,36357
6272,0,36392
6273,0,36426
6274,0,36460
6275,0,36494
6276,0,36529
6277,0,36563
6278,0,36597
6279,0,36632
6280,0,36666
6281,0,36700
6282,0,36735
6283,0,36769
6284,0,36804
6285,0,36839
6286,0,36873
6287,0,36908
6288,0,36942
6289,0,36977
6290,0,37012
6291,0,37047
6292,0,37081
6293,0,37116
6294,0,37151
6295,0,37186
6296,0,37221
6297,0,37256
6298,0,37291
6299,0,37326
6300,0,37361
6301,0,37396
6302,0,37431
6303,0,37466
6304,0,37502
6305,0,37537
6306,0,37572
6307,0,37607
6308,0,37643
6309,0,37678
6310,0,37713
6311,0,37749
6312,0,37784
6313,0,37820
6314,0,37855
6315,0,37891
6316,0,37926
6317,0,37962
6318,0,37998
6319,0,38033
6320,0,38069
6321,0,38105
6322,0,38141
6323,0,38177
6324,0,38212
6325,0,38248
6326,0,38284
6327,0,38320
6328,0,38356
6329,0,38392
6330,0,38428
6331,0,38464
6332,0,38501
6333,0,38537
6334,0,38573
6335,0,38609
6336,0,38645
6337,0,38682
6338,0,38718
6339,0,38754
6340,0,38791
6341,0,38827
6342,0,38864
6343,0,38900
6344,0,38937
6345,0,38973
6346,0,39010
6347,0,39047
6348,0,39083
6349,0,39120
6350,0,39157
6351,0,39194
6352,0,39230
6353,0,39267
6354,0,39304
6355,0,39341
6356,0,39378
6357,0,39415
6358,0,39452
6359,0,39489
6360,0,39526
6361,0,39563
6362,0,39600
6363,0,39638
6364,0,39675
6365,0,39712
6366,0,39749
6367,0,39787
6368,0,39824
6369,0,39862
6370,0,39899
6371,0,39936
6372,0,39974
6373,0,40012
6374,0,40049
6375,0,40087
6376,0,40124
6377,0,40162
6378,0,40200
6379,0,40238
6380,0,40275
6381,0,40313
6382,0,40351
6383,0,40389
6384,0,40427
6385,0,40465
6386,0,40503
6387,0,40541
6388,0,40579
6389,0,40617
6390,0,40655
6391,0,40693
6392,0,40732
6393,0,40770
6394,0,40808
6395,0,40847
6396,0,40885
6397,0,40923
6398,0,40962
6399,0,41000
6400,0,41039
6401,0,41077
6402,0,41116
6403,0,41155
6404,0,41193
6405,0,41232
6406,0,41271
6407,0,41309
6408,0,41348
6409,0,41387
6410,0,41426
6411,0,41465
6412,0,41504
6413,0,41543
6414,0,41582
6415,0,41621
6416,0,41660
6417,0,41699
6418,0,41738
6419,0,41777
6420,0,41817
6421,0,41856
6422,0,41895
6423,0,41935
6424,0,41974
6425,0,42014
6426,0,42053
6427,0,42092
6428,0,42132
6429,0,42172
6430,0,42211
6431,0,42251
6432,0,42291
6433,0,42330
6434,0,42370
6435,0,42410
6436,0,42450
6437,0,42490
6438,0,42529
6439,0,42569
6440,0,42609
6441,0,42649
6442,0,42689
6443,0,42730
6444,0,42770
6445,0,42810
6446,0,42850
6447,0,42890
6448,0,42931
6449,0,42971
6450,0,43011
6451,0,43052
6452,0,43092
6453,0,43133
6454,0,43173
6455,0,43214
6456,0,43254
6457,0,43295
6458,0,43336
6459,0,43376
6460,0,43417
6461,0,43458
6462,0,43499
6463,0,43540
6464,0,43580
6465,0,43621
6466,0,43662
6467,0,43703
6468,0,43744
6469,0,43786
6470,0,43827
6471,0,43868
6472,0,43909
6473,0,43950
6474,0,43992
6475,0,44033
6476,0,44074
6477,0,44116
6478,0,44157
6479,0,44199
6480,0,44240
6481,0,44282
6482,0,44323
6483,0,44365
6484,0,44407
6485,0,44448
6486,0,44490
6487,0,44532
6488,0,44574
6489,0,44616
6490,0,44657
6491,0,44699
6492,0,44741
6493,0,44783
6494,0,44825
6495,0,44868
6496,0,44910
6497,0,44952
6498,0,44994
6499,0,45036
6500,0,45079
6501,0,45121
6502,0,45163
6503,0,45206
6504,0,45248
6505,0,45291
6506,0,45333
6507,0,45376
6508,0,45419
6509,0,45461
6510,0,45504
6511,0,45547
6512,0,45589
6513,0,45632
6514,0,45675
6515,0,45718
6516,0,45761
6517,0,45804
6518,0,45847
6519,0,45890
6520,0,45933
6521,0,45976
6522,0,46020
6523,0,46063
6524,0,46106
6525,0,46149
6526,0,46193
6527,0,46236
6528,0,46280
6529,0,46323
6530,0,46366
6531,0,46410
6532,0,46454
6533,0,46497
6534,0,46541
6535,0,46585
6536,0,46628
6537,0,46672
6538,0,46716
6539,0,46760
6540,0,46804
6541,0,46848
6542,0,46892
6543,0,46936
6544,0,46980
6545,0,47024
6546,0,47068
6547,0,47113
6548,0,47157
6549,0,47201
6550,0,47245
6551,0,47290
6552,0,47334
6553,0,47379
6554,0,47423
6555,0,47468
6556,0,47512
6557,0,47557
6558,0,47602
6559,0,47646
6560,0,47691
6561,0,47736
6562,0,47781
6563,0,47826
6564,0,47871
6565,0,47915
6566,0,47961
6567,0,48006
6568,0,48051
6569,0,48096
6570,0,48141
6571,0,48186
6572,0,48231
6573,0,48277
6574,0,48322
6575,0,48367
6576,0,48413
6577,0,48458
6578,0,48504
6579,0,48549
6580,0,48595
6581,0,48641
6582,0,48686
6583,0,48732
6584,0,48778
6585,0,48824
6586,0,48870
6587,0,48916
6588,0,48961
6589,0,49007
6590,0,49054
6591,0,49100
6592,0,49146
6593,0,49192
6594,0,49238
6595,0,49284
6596,0,49331
6597,0,49377
6598,0,49423
6599,0,49470
6600,0,49516
6601,0,49563
6602,0,49609
6603,0,49656
6604,0,49703
6605,0,49749
6606,0,49796
6607,0,49843
6608,0,49890
6609,0,49936
6610,0,49983
6611,0,50030
6612,0,50077
6613,0,50124
6614,0,50171
6615,0,50219
6616,0,50266
6617,0,50313
6618,0,50360
6619,0,50408
6620,0,50455
6621,0,50502
6622,0,50550
6623,0,50597
6624,0,50645
6625,0,50692
6626,0,50740
6627,0,50788
6628,0,50835
6629,0,50883
6630,0,50931
6631,0,50979
6632,0,51027
6633,0,51074
6634,0,51122
6635,0,51170
6636,0,51219
6637,0,51267
6638,0,51315
6639,0,51363
6640,0,51411
6641,0,51460
6642,0,51508
6643,0,51556
6644,0,51605
6645,0,51653
6646,0,51702
6647,0,51750
6648,0,51799
6649,0,51848
6650,0,51896
6651,0,51945
6652,0,51994
6653,0,52043
6654,0,52092
6655,0,52140
6656,0,52189
6657,0,52238
6658,0,52288
6659,0,52337
6660,0,52386
6661,0,52435
6662,0,52484
6663,0,52534
6664,0,52583
6665,0,52632
6666,0,52682
6667,0,52731
6668,0,52781
6669,0,52830
6670,0,52880
6671,0,52930
6672,0,52979
6673,0,53029
6674,0,53079
6675,0,53129
6676,0,53179
6677,0,53229
6678,0,53279
6679,0,53329
6680,0,53379
6681,0,53429
6682,0,53479
6683,0,53529
6684,0,53580
6685,0,53630
6686,0,53680
6687,0,53731
6688,0,53781
6689,0,53832
6690,0,53882
6691,0,53933
6692,0,53984
6693,0,54034
6694,0,54085
6695,0,54136
6696,0,54187
6697,0,54238
6698,0,54289
6699,0,54340
6700,0,54391
6701,0,54442
6702,0,54493
6703,0,54544
6704,0,54595
6705,0,54647
6706,0,54698
6707,0,54749
6708,0,54801
6709,0,54852
6710,0,54904
6711,0,54955
6712,0,55007
6713,0,55059
6714,0,55110
6715,0,55162
6716,0,55214
6717,0,55266
6718,0,55318
6719,0,55370
6720,0,55422
6721,0,55474
6722,0,55526
6723,0,55578
6724,0,55630
6725,0,55682
6726,0,55735
6727,0,55787
6728,0,55839
6729,0,55892
6730,0,55944
6731,0,55997
6732,0,56050
6733,0,56102
6734,0,56155
6735,0,56208
6736,0,56261
6737,0,56313
6738,0,56366
6739,0,56419
6740,0,56472
6741,0,56525
6742,0,56578
6743,0,56631
6744,0,56685
6745,0,56738
6746,0,56791
6747,0,56845
6748,0,56898
6749,0,56951
6750,0,57005
6751,0,57058
6752,0,57112
6753,0,57166
6754,0,57219
6755,0,57273
6756,0,57327
6757,0,57381
6758,0,57435
6759,0,57489
6760,0,57543
6761,0,57597
6762,0,57651
6763,0,57705
6764,0,57759
6765,0,57813
6766,0,57868
6767,0,57922
6768,0,57977
6769,0,58031
6770,0,58085
6771,0,58140
6772,0,58195
6773,0,58249
6774,0,58304
6775,0,58359
6776,0,58414
6777,0,58468
6778,0,58523
6779,0,58578
6780,0,58633
6781,0,58688
6782,0,58744
6783,0,58799
6784,0,58854
6785,0,58909
6786,0,58965
6787,0,59020
6788,0,59075
6789,0,59131
6790,0,59187
6791,0,59242
6792,0,59298
6793,0,59353
6794,0,59409
6795,0,59465
6796,0,59521
6797,0,59577
6798,0,59633
6799,0,59689
6800,0,59745
6801,0,59801
6802,0,59857
6803,0,59913
6804,0,59970
6805,0,60026
6806,0,60082
6807,0,60139
6808,0,60195
6809,0,60252
6810,0,60308
6811,0,60365
6812,0,60422
6813,0,60479
6814,0,60535
6815,0,60592
6816,0,60649
6817,0,60706
6818,0,60763
6819,0,60820
6820,0,60877
6821,0,60935
6822,0,60992
6823,0,61049
6824,0,61106
6825,0,61164
6826,0,61221
6827,0,61279
6828,0,61336
6829,0,61394
6830,0,61452
6831,0,61509
6832,0,61567
6833,0,61625
6834,0,61683
6835,0,61741
6836,0,61799
6837,0,61857
6838,0,61915
6839,0,61973
6840,0,62031
6841,0,62090
6842,0,62148
6843,0,62206
6844,0,62265
6845,0,62323
6846,0,62382
6847,0,62440
6848,0,62499
6849,0,62558
6850,0,62616
6851,0,62675
6852,0,62734
6853,0,62793
6854,0,62852
6855,0,62911
6856,0,62970
6857,0,63029
6858,0,63089
6859,0,63148
6860,0,63207
6861,0,63267
6862,0,63326
6863,0,63385
6864,0,63445
6865,0,63505
6866,0,63564
6867,0,63624
6868,0,63684
6869,0,63744
6870,0,63803
6871,0,63863
6872,0,63923
6873,0,63983
6874,0,64043
6875,0,64104
6876,0,64164
6877,0,64224
6878,0,64284
6879,0,64345
6880,0,64405
6881,0,64466
6882,0,64526
6883,0,64587
6884,0,64648
6885,0,64708
6886,0,64769
6887,0,64830
6888,0,64891
6889,0,64952
6890,0,65013
6891,0,65074
6892,0,65135
6893,0,65196
6894,0,65257
6895,0,65319
6896,0,65380
6897,0,65442
6898,0,65503
6899,0,65565
6900,0,65626
6901,0,65688
6902,0,65749
6903,0,65811
6904,0,65873
6905,0,65935
6906,0,65997
6907,0,66059
6908,0,66121
6909,0,66183
6910,0,66245
6911,0,66307
6912,0,66370
6913,0,66432
6914,0,66494
6915,0,66557
6916,0,66619
6917,0,66682
6918,0,66745
6919,0,66807
6920,0,66870
6921,0,66933
6922,0,66996
6923,0,67059
6924,0,67122
6925,0,67185
6926,0,67248
6927,0,67311
6928,0,67374
6929,0,67438
6930,0,67501
6931,0,67564
6932,0,67628
6933,0,67691
6934,0,67755
6935,0,67819
6936,0,67882
6937,0,67946
6938,0,68010
6939,0,68074
6940,0,68138
6941,0,68202
6942,0,68266
6943,0,68330
6944,0,68394
6945,0,68458
6946,0,68523
6947,0,68587
6948,0,68651
6949,0,68716
6950,0,68780
6951,0,68845
6952,0,68910
6953,0,68974
6954,0,69039
6955,0,69104
6956,0,69169
6957,0,69234
6958,0,69299
6959,0,69364
6960,0,69429
6961,0,69495
6962,0,69560
6963,0,69625
6964,0,69691
6965,0,69756
6966,0,69822
6967,0,69887
6968,0,69953
6969,0,70018
6970,0,70084
6971,0,70150
6972,0,70216
6973,0,70282
6974,0,70348
6975,0,70414
6976,0,70480
6977,0,70546
6978,0,70613
6979,0,70679
6980,0,70745
6981,0,70812
6982,0,70878
6983,0,70945
6984,0,71012
6985,0,71078
6986,0,71145
6987,0,71212
6988,0,71279
6989,0,71346
6990,0,71413
6991,0,71480
6992,0,71547
6993,0,71614
6994,0,71681
6995,0,71749
6996,0,71816
6997,0,71884
6998,0,71951
6999,0,72019
7000,0,72086
7001,0,72154
7002,0,72222
7003,0,72290
7004,0,72358
7005,0,72426
7006,0,72494
7007,0,72562
7008,0,72630
7009,0,72698
7010,0,72766
7011,0,72835
7012,0,72903
7013,0,72972
7014,0,73040
7015,0,73109
7016,0,73177
7017,0,73246
7018,0,73315
7019,0,73384
7020,0,73453
7021,0,73522
7022,0,73591
7023,0,73660
7024,0,73729
7025,0,73798
7026,0,73868
7027,0,73937
7028,0,74007
7029,0,74076
7030,0,74146
7031,0,74215
7032,0,74285
7033,0,74355
7034,0,74425
7035,0,74495
7036,0,74565
7037,0,74635
7038,0,74705
7039,0,74775
7040,0,74845
7041,0,74915
7042,0,74986
7043,0,75056
7044,0,75127
7045,0,75197
7046,0,75268
7047,0,75339
7048,0,75409
7049,0,75480
7050,0,75551
7051,0,75622
7052,0,75693
7053,0,75764
7054,0,75835
7055,0,75907
7056,0,75978
7057,0,76049
7058,0,76121
7059,0,76192
7060,0,76264
7061,0,76336
7062,0,76407
7063,0,76479
7064,0,76551
7065,0,76623
7066,0,76695
7067,0,76767
7068,0,76839
7069,0,76911
7070,0,76983
7071,0,77056
7072,0,77128
7073,0,77200
7074,0,77273
7075,0,77346
7076,0,77418
7077,0,77491
7078,0,77564
7079,0,77637
7080,0,77710
7081,0,77783
7082,0,77856
7083,0,77929
7084,0,78002
7085,0,78075
7086,0,78149
7087,0,78222
7088,0,78295
7089,0,78369
7090,0,78443
7091,0,78516
7092,0,78590
7093,0,78664
7094,0,78738
7095,0,78812
7096,0,78886
7097,0,78960
7098,0,79034
7099,0,79108
7100,0,79183
7101,0,79257
7102,0,79331
7103,0,79406
7104,0,79481
7105,0,79555
7106,0,79630
7107,0,79705
7108,0,79780
7109,0,79855
7110,0,79930
7111,0,80005
7112,0,80080
7113,0,80155
7114,0,80230
7115,0,80306
7116,0,80381
7117,0,80457
7118,0,80532
7119,0,80608
7120,0,80684
7121,0,80759
7122,0,80835
7123,0,80911
7124,0,80987
7125,0,81063
7126,0,81139
7127,0,81216
7128,0,81292
7129,0,81368
7130,0,81445
7131,0,81521
7132,0,81598
7133,0,81674
7134,0,81751
7135,0,81828
7136,0,81905
7137,0,81982
7138,0,82059
7139,0,82136
7140,0,82213
7141,0,82290
7142,0,82367
7143,0,82445
7144,0,82522
7145,0,82600
7146,0,82677
7147,0,82755
7148,0,82833
7149,0,82911
7150,0,82988
7151,0,83066
7152,0,83144
7153,0,83223
7154,0,83301
7155,0,83379
7156,0,83457
7157,0,83536
7158,0,83614
7159,0,83693
7160,0,83771
7161,0,83850
7162,0,83929
7163,0,84008
7164,0,84087
7165,0,84166
7166,0,84245
7167,0,84324
7168,0,84403
7169,0,84482
7170,0,84562
7171,0,84641
7172,0,84721
7173,0,84800
7174,0,84880
7175,0,84960
7176,0,85039
7177,0,85119
7178,0,85199
7179,0,85279
7180,0,85359
7181,0,85439
7182,0,85520
7183,0,85600
7184,0,85680
7185,0,85761
7186,0,85842
7187,0,85922
7188,0,86003
7189,0,86084
7190,0,86165
7191,0,86245
7192,0,86326
7193,0,86408
7194,0,86489
7195,0,86570
7196,0,86651
7197,0,86733
7198,0,86814
7199,0,86896
7200,0,86977
7201,0,87059
7202,0,87141
7203,0,87223
7204,0,87305
7205,0,87387
7206,0,87469
7207,0,87551
7208,0,87633
7209,0,87715
7210,0,87798
7211,0,87880
7212,0,87963
7213,0,88045
7214,0,88128
7215,0,88211
7216,0,88294
7217,0,88377
7218,0,88460
7219,0,88543
7220,0,88626
7221,0,88709
7222,0,88793
7223,0,88876
7224,0,88960
7225,0,89043
7226,0,89127
7227,0,89210
7228,0,89294
7229,0,89378
7230,0,89462
7231,0,89546
7232,0,89630
7233,0,89714
7234,0,89799
7235,0,89883
7236,0,89967
7237,0,90052
7238,0,90137
7239,0,90221
7240,0,90306
7241,0,90391
7242,0,90476
7243,0,90561
7244,0,90646
7245,0,90731
7246,0,90816
7247,0,90901
7248,0,90987
7249,0,91072
7250,0,91158
7251,0,91244
7252,0,91329
7253,0,91415
7254,0,91501
7255,0,91587
7256,0,91673
7257,0,91759
7258,0,91845
7259,0,91931
7260,0,92018
7261,0,92104
7262,0,92191
7263,0,92277
7264,0,92364
7265,0,92451
7266,0,92538
7267,0,92625
7268,0,92712
7269,0,92799
7270,0,92886
7271,0,92973
7272,0,93060
7273,0,93148
7274,0,93235
7275,0,93323
7276,0,93411
7277,0,93498
7278,0,93586
7279,0,93674
7280,0,93762
7281,0,93850
7282,0,93938
7283,0,94027
7284,0,94115
7285,0,94203
7286,0,94292
7287,0,94380
7288,0,94469
7289,0,94558
7290,0,94647
7291,0,94735
7292,0,94824
7293,0,94914
7294,0,95003
7295,0,95092
7296,0,95181
7297,0,95271
7298,0,95360
7299,0,95450
7300,0,95539
7301,0,95629
7302,0,95719
7303,0,95809
7304,0,95899
7305,0,95989
7306,0,96079
7307,0,96169
7308,0,96260
7309,0,96350
7310,0,96441
7311,0,96531
7312,0,96622
7313,0,96713
7314,0,96804
7315,0,96894
7316,0,96985
7317,0,97077
7318,0,97168
7319,0,97259
7320,0,97350
7321,0,97442
7322,0,97533
7323,0,97625
7324,0,97717
7325,0,97808
7326,0,97900
7327,0,97992
7328,0,98084
7329,0,98177
7330,0,98269
7331,0,98361
7332,0,98453
7333,0,98546
7334,0,98638
7335,0,98731
7336,0,98824
7337,0,98917
7338,0,99010
7339,0,99103
7340,0,99196
7341,0,99289
7342,0,99382
7343,0,99476
7344,0,99569
7345,0,99663
7346,0,99756
7347,0,99850
7348,0,99944
7349,0,100038
7350,0,100131
7351,0,100226
7352,0,100320
7353,0,100414
7354,0,100508
7355,0,100603
7356,0,100697
7357,0,100792
7358,0,100886
7359,0,100981
7360,0,101076
7361,0,101171
7362,0,101266
7363,0,101361
7364,0,101456
7365,0,101552
7366,0,101647
7367,0,101743
7368,0,101838
7369,0,101934
7370,0,102030
7371,0,102125
7372,0,102221
7373,0,102317
7374,0,102413
7375,0,102510
7376,0,102606
7377,0,102702
7378,0,102799
7379,0,102895
7380,0,102992
7381,0,103089
7382,0,103186
7383,0,103283
7384,0,103380
7385,0,103477
7386,0,103574
7387,0,103671
7388,0,103769
7389,0,103866
7390,0,103964
7391,0,104061
7392,0,104159
7393,0,104257
7394,0,104355
7395,0,104453
7396,0,104551
7397,0,104649
7398,0,104747
7399,0,104846
7400,0,104944
7401,0,105043
7402,0,105142
7403,0,105240
7404,0,105339
7405,0,105438
7406,0,105537
7407,0,105636
7408,0,105736
7409,0,105835
7410,0,105934
7411,0,106034
7412,0,106133
7413,0,106233
7414,0,106333
7415,0,106433
7416,0,106533
7417,0,106633
7418,0,106733
7419,0,106833
7420,0,106934
7421,0,107034
7422,0,107135
7423,0,107235
7424,0,107336
7425,0,107437
7426,0,107538
7427,0,107639
7428,0,107740
7429,0,107841
7430,0,107942
7431,0,108044
7432,0,108145
7433,0,108247
7434,0,108348
7435,0,108450
7436,0,108552
7437,0,108654
7438,0,108756
7439,0,108858
7440,0,108961
7441,0,109063
7442,0,109165
7443,0,109268
7444,0,109371
7445,0,109473
7446,0,109576
7447,0,109679
7448,0,109782
7449,0,109885
7450,0,109988
7451,0,110092
7452,0,110195
7453,0,110299
7454,0,110402
7455,0,110506
7456,0,110610
7457,0,110714
7458,0,110818
7459,0,110922
7460,0,111026
7461,0,111130
7462,0,111235
7463,0,111339
7464,0,111444
7465,0,111548
7466,0,111653
7467,0,111758
7468,0,111863
7469,0,111968
7470,0,112073
7471,0,112179
7472,0,112284
7473,0,112389
7474,0,112495
7475,0,112601
7476,0,112706
7477,0,112812
7478,0,112918
7479,0,113024
7480,0,113131
7481,0,113237
7482,0,113343
7483,0,113450
7484,0,113556
7485,0,113663
7486,0,113770
7487,0,113877
7488,0,113984
7489,0,114091
7490,0,114198
7491,0,114305
7492,0,114412
7493,0,114520
7494,0,114627
7495,0,114735
7496,0,114843
7497,0,114951
7498,0,115059
7499,0,115167
7500,0,115275
7501,0,115383
7502,0,115492
7503,0,115600
7504,0,115709
7505,0,115817
7506,0,115926
7507,0,116035
7508,0,116144
7509,0,116253
7510,0,116362
7511,0,116472
7512,0,116581
7513,0,116691
7514,0,116800
7515,0,116910
7516,0,117020
7517,0,117130
7518,0,117240
7519,0,117350
7520,0,117460
7521,0,117570
7522,0,117681
7523,0,117791
7524,0,117902
7525,0,118013
7526,0,118124
7527,0,118235
7528,0,118346
7529,0,118457
7530,0,118568
7531,0,118680
7532,0,118791
7533,0,118903
7534,0,119014
7535,0,119126
7536,0,119238
7537,0,119350
7538,0,119462
7539,0,119574
7540,0,119687
7541,0,119799
7542,0,119912
7543,0,120024
7544,0,120137
7545,0,120250
7546,0,120363
7547,0,120476
7548,0,120589
7549,0,120702
7550,0,120816
7551,0,120929
7552,0,121043
7553,0,121156
7554,0,121270
7555,0,121384
7556,0,121498
7557,0,121612
7558,0,121727
7559,0,121841
7560,0,121955
7561,0,122070
7562,0,122185
7563,0,122299
7564,0,122414
7565,0,122529
7566,0,122644
7567,0,122760
7568,0,122875
7569,0,122990
7570,0,123106
7571,0,123221
7572,0,123337
7573,0,123453
7574,0,123569
7575,0,123685
7576,0,123801
7577,0,123918
7578,0,124034
7579,0,124151
7580,0,124267
7581,0,124384
7582,0,124501
7583,0,124618
7584,0,124735
7585,0,124852
7586,0,124969
7587,0,125087
7588,0,125204
7589,0,125322
7590,0,125439
7591,0,125557
7592,0,125675
7593,0,125793
7594,0,125911
7595,0,126030
7596,0,126148
7597,0,126267
7598,0,126385
7599,0,126504
7600,0,126623
7601,0,126742
7602,0,126861
7603,0,126980
7604,0,127099
7605,0,127219
7606,0,127338
7607,0,127458
7608,0,127577
7609,0,127697
7610,0,127817
7611,0,127937
7612,0,128057
7613,0,128178
7614,0,128298
7615,0,128419
7616,0,128539
7617,0,128660
7618,0,128781
7619,0,128902
7620,0,129023
7621,0,129144
7622,0,129265
7623,0,129387
7624,0,129508
7625,0,129630
7626,0,129752
7627,0,129874
7628,0,129996
7629,0,130118
7630,0,130240
7631,0,130362
7632,0,130485
7633,0,130607
7634,0,130730
7635,0,130853
7636,0,130976
7637,0,131099
7638,0,131222
7639,0,131345
7640,0,131469
7641,0,131592
7642,0,131716
7643,0,131839
7644,0,131963
7645,0,132087
7646,0,132211
7647,0,132336
7648,0,132460
7649,0,132584
7650,0,132709
7651,0,132833
7652,0,132958
7653,0,133083
7654,0,133208
7655,0,133333
7656,0,133459
7657,0,133584
7658,0,133709
7659,0,133835
7660,0,133961
7661,0,134087
7662,0,134213
7663,0,134339
7664,0,134465
7665,0,134591
7666,0,134718
7667,0,134844
7668,0,134971
7669,0,135098
7670,0,135224
7671,0,135351
7672,0,135479
7673,0,135606
7674,0,135733
7675,0,135861
7676,0,135988
7677,0,136116
7678,0,136244
7679,0,136372
7680,0,136500
7681,0,136628
7682,0,136757
7683,0,136885
7684,0,137014
7685,0,137142
7686,0,137271
7687,0,137400
7688,0,137529
7689,0,137658
7690,0,137788
7691,0,137917
7692,0,138047
7693,0,138176
7694,0,138306
7695,0,138436
7696,0,138566
7697,0,138696
7698,0,138827
7699,0,138957
7700,0,139087
7701,0,139218
7702,0,139349
7703,0,139480
7704,0,139611
7705,0,139742
7706,0,139873
7707,0,140005
7708,0,140136
7709,0,140268
7710,0,140400
7711,0,140531
7712,0,140663
7713,0,140796
7714,0,140928
7715,0,141060
7716,0,141193
7717,0,141325
7718,0,141458
7719,0,141591
7720,0,141724
7721,0,141857
7722,0,141990
7723,0,142124
7724,0,142257
7725,0,142391
7726,0,142525
7727,0,142658
7728,0,142793
7729,0,142927
7730,0,143061
7731,0,143195
7732,0,143330
7733,0,143464
7734,0,143599
7735,0,143734
7736,0,143869
7737,0,144004
7738,0,144140
7739,0,144275
7740,0,144410
7741,0,144546
7742,0,144682
7743,0,144818
7744,0,144954
7745,0,145090
7746,0,145226
7747,0,145363
7748,0,145499
7749,0,145636
7750,0,145773
7751,0,145910
7752,0,146047
7753,0,146184
7754,0,146321
7755,0,146459
7756,0,146596
7757,0,146734
7758,0,146872
7759,0,147010
7760,0,147148
7761,0,147286
7762,0,147424
7763,0,147563
7764,0,147701
7765,0,147840
7766,0,147979
7767,0,148118
7768,0,148257
7769,0,148397
7770,0,148536
7771,0,148675
7772,0,148815
7773,0,148955
7774,0,149095
7775,0,149235
7776,0,149375
7777,0,149515
7778,0,149656
7779,0,149796
7780,0,149937
7781,0,150078
7782,0,150219
7783,0,150360
7784,0,150501
7785,0,150643
7786,0,150784
7787,0,150926
7788,0,151068
7789,0,151209
7790,0,151352
7791,0,151494
7792,0,151636
7793,0,151778
7794,0,151921
7795,0,152064
7796,0,152207
7797,0,152350
7798,0,152493
7799,0,152636
7800,0,152779
7801,0,152923
7802,0,153066
7803,0,153210
7804,0,153354
7805,0,153498
7806,0,153642
7807,0,153787
7808,0,153931
7809,0,154076
7810,0,154220
7811,0,154365
7812,0,154510
7813,0,154655
7814,0,154801
7815,0,154946
7816,0,155092
7817,0,155237
7818,0,155383
7819,0,155529
7820,0,155675
7821,0,155822
7822,0,155968
7823,0,156114
7824,0,156261
7825,0,156408
7826,0,156555
7827,0,156702
7828,0,156849
7829,0,156996
7830,0,157144
7831,0,157291
7832,0,157439
7833,0,157587
7834,0,157735
7835,0,157883
7836,0,158032
7837,0,158180
7838,0,158329
7839,0,158477
7840,0,158626
7841,0,158775
7842,0,158924
7843,0,159074
7844,0,159223
7845,0,159373
7846,0,159522
7847,0,159672
7848,0,159822
7849,0,159972
7850,0,160123
7851,0,160273
7852,0,160424
7853,0,160574
7854,0,160725
7855,0,160876
7856,0,161027
7857,0,161178
7858,0,161330
7859,0,161481
7860,0,161633
7861,0,161785
7862,0,161937
7863,0,162089
7864,0,162241
7865,0,162394
7866,0,162546
7867,0,162699
7868,0,162852
7869,0,163005
7870,0,163158
7871,0,163311
7872,0,163464
7873,0,163618
7874,0,163772
7875,0,163926
7876,0,164080
7877,0,164234
7878,0,164388
7879,0,164542
7880,0,164697
7881,0,164852
7882,0,165006
7883,0,165161
7884,0,165317
7885,0,165472
7886,0,165627
7887,0,165783
7888,0,165939
7889,0,166095
7890,0,166251
7891,0,166407
7892,0,166563
7893,0,166720
7894,0,166876
7895,0,167033
7896,0,167190
7897,0,167347
7898,0,167504
7899,0,167661
7900,0,167819
7901,0,167977
7902,0,168134
7903,0,168292
7904,0,168450
7905,0,168609
7906,0,168767
7907,0,168925
7908,0,169084
7909,0,169243
7910,0,169402
7911,0,169561
7912,0,169720
7913,0,169880
7914,0,170039
7915,0,170199
7916,0,170359
7917,0,170519
7918,0,170679
7919,0,170840
7920,0,171000
7921,0,171161
7922,0,171321
7923,0,171482
7924,0,171643
7925,0,171805
7926,0,171966
7927,0,172128
7928,0,172289
7929,0,172451
7930,0,172613
7931,0,172775
7932,0,172938
7933,0,173100
7934,0,173263
7935,0,173425
7936,0,173588
7937,0,173751
7938,0,173915
7939,0,174078
7940,0,174241
7941,0,174405
7942,0,174569
7943,0,174733
7944,0,174897
7945,0,175061
7946,0,175226
7947,0,175390
7948,0,175555
7949,0,175720
7950,0,175885
7951,0,176050
7952,0,176216
7953,0,176381
7954,0,176547
7955,0,176713
7956,0,176879
7957,0,177045
7958,0,177211
7959,0,177378
7960,0,177544
7961,0,177711
7962,0,177878
7963,0,178045
7964,0,178212
7965,0,178380
7966,0,178547
7967,0,178715
7968,0,178883
7969,0,179051
7970,0,179219
7971,0,179387
7972,0,179556
7973,0,179725
7974,0,179893
7975,0,180062
7976,0,180232
7977,0,180401
7978,0,180570
7979,0,180740
7980,0,180910
7981,0,181080
7982,0,181250
7983,0,181420
7984,0,181590
7985,0,181761
7986,0,181932
7987,0,182103
7988,0,182274
7989,0,182445
7990,0,182616
7991,0,182788
7992,0,182960
7993,0,183131
7994,0,183303
7995,0,183476
7996,0,183648
7997,0,183820
7998,0,183993
7999,0,184166
8000,0,184339
8001,0,184512
8002,0,184685
8003,0,184859
8004,0,185033
8005,0,185206
8006,0,185380
8007,0,185555
8008,0,185729
8009,0,185903
8010,0,186078
8011,0,186253
8012,0,186428
8013,0,186603
8014,0,186778
8015,0,186954
8016,0,187129
8017,0,187305
8018,0,187481
8019,0,187657
8020,0,187833
8021,0,188010
8022,0,188186
8023,0,188363
8024,0,188540
8025,0,188717
8026,0,188894
8027,0,189072
8028,0,189249
8029,0,189427
8030,0,189605
8031,0,189783
8032,0,189962
8033,0,190140
8034,0,190319
8035,0,190497
8036,0,190676
8037,0,190855
8038,0,191035
8039,0,191214
8040,0,191394
8041,0,191574
8042,0,191753
8043,0,191934
8044,0,192114
8045,0,192294
8046,0,192475
8047,0,192656
8048,0,192837
8049,0,193018
8050,0,193199
8051,0,193381
8052,0,193562
8053,0,193744
8054,0,193926
8055,0,194108
8056,0,194291
8057,0,194473
8058,0,194656
8059,0,194839
8060,0,195022
8061,0,195205
8062,0,195388
8063,0,195572
8064,0,195756
8065,0,195939
8066,0,196123
8067,0,196308
8068,0,196492
8069,0,196677
8070,0,196861
8071,0,197046
8072,0,197231
8073,0,197417
8074,0,197602
8075,0,197788
8076,0,197974
8077,0,198160
8078,0,198346
8079,0,198532
8080,0,198718
8081,0,198905
8082,0,199092
8083,0,199279
8084,0,199466
8085,0,199654
8086,0,199841
8087,0,200029
8088,0,200217
8089,0,200405
8090,0,200593
8091,0,200782
8092,0,200970
8093,0,201159
8094,0,201348
8095,0,201537
8096,0,201726
8097,0,201916
8098,0,202105
8099,0,202295
8100,0,202485
8101,0,202676
8102,0,202866
8103,0,203056
8104,0,203247
8105,0,203438
8106,0,203629
8107,0,203821
8108,0,204012
8109,0,204204
8110,0,204395
8111,0,204587
8112,0,204780
8113,0,204972
8114,0,205165
8115,0,205357
8116,0,205550
8117,0,205743
8118,0,205936
8119,0,206130
8120,0,206324
8121,0,206517
8122,0,206711
8123,0,206906
8124,0,207100
8125,0,207294
8126,0,207489
8127,0,207684
8128,0,207879
8129,0,208074
8130,0,208270
8131,0,208466
8132,0,208661
8133,0,208857
8134,0,209054
8135,0,209250
8136,0,209446
8137,0,209643
8138,0,209840
8139,0,210037
8140,0,210235
8141,0,210432
8142,0,210630
8143,0,210828
8144,0,211026
8145,0,211224
8146,0,211422
8147,0,211621
8148,0,211820
8149,0,212019
8150,0,212218
8151,0,212417
8152,0,212617
8153,0,212816
8154,0,213016
8155,0,213216
8156,0,213417
8157,0,213617
8158,0,213818
8159,0,214019
8160,0,214220
8161,0,214421
8162,0,214622
8163,0,214824
8164,0,215026
8165,0,215228
8166,0,215430
8167,0,215632
8168,0,215835
8169,0,216038
8170,0,216241
8171,0,216444
8172,0,216647
8173,0,216850
8174,0,217054
8175,0,217258
8176,0,217462
8177,0,217666
8178,0,217871
8179,0,218076
8180,0,218280
8181,0,218485
8182,0,218691
8183,0,218896
8184,0,219102
8185,0,219308
8186,0,219514
8187,0,219720
8188,0,219926
8189,0,220133
8190,0,220339
8191,0,220546
8192,0,220754
8193,0,220961
8194,0,221169
8195,0,221376
8196,0,221584
8197,0,221792
8198,0,222001
8199,0,222209
8200,0,222418
8201,0,222627
8202,0,222836
8203,0,223045
8204,0,223255
8205,0,223465
8206,0,223675
8207,0,223885
8208,0,224095
8209,0,224305
8210,0,224516
8211,0,224727
8212,0,224938
8213,0,225149
8214,0,225361
8215,0,225573
8216,0,225785
8217,0,225997
8218,0,226209
8219,0,226421
8220,0,226634
8221,0,226847
8222,0,227060
8223,0,227273
8224,0,227487
8225,0,227701
8226,0,227914
8227,0,228129
8228,0,228343
8229,0,228557
8230,0,228772
8231,0,228987
8232,0,229202
8233,0,229417
8234,0,229633
8235,0,229849
8236,0,230064
8237,0,230281
8238,0,230497
8239,0,230713
8240,0,230930
8241,0,231147
8242,0,231364
8243,0,231581
8244,0,231799
8245,0,232017
8246,0,232235
8247,0,232453
8248,0,232671
8249,0,232890
8250,0,233109
8251,0,233328
8252,0,233547
8253,0,233766
8254,0,233986
8255,0,234205
8256,0,234425
8257,0,234646
8258,0,234866
8259,0,235087
8260,0,235308
8261,0,235529
8262,0,235750
8263,0,235971
8264,0,236193
8265,0,236415
8266,0,236637
8267,0,236859
8268,0,237082
8269,0,237304
8270,0,237527
8271,0,237750
8272,0,237974
8273,0,238197
8274,0,238421
8275,0,238645
8276,0,238869
8277,0,239094
8278,0,239318
8279,0,239543
8280,0,239768
8281,0,239993
8282,0,240219
8283,0,240444
8284,0,240670
8285,0,240896
8286,0,241122
8287,0,241349
8288,0,241576
8289,0,241803
8290,0,242030
8291,0,242257
8292,0,242485
8293,0,242712
8294,0,242940
8295,0,243169
8296,0,243397
8297,0,243626
8298,0,243855
8299,0,244084
8300,0,244313
8301,0,244542
8302,0,244772
8303,0,245002
8304,0,245232
8305,0,245463
8306,0,245693
8307,0,245924
8308,0,246155
8309,0,246386
8310,0,246618
8311,0,246849
8312,0,247081
8313,0,247313
8314,0,247546
8315,0,247778
8316,0,248011
8317,0,248244
8318,0,248477
8319,0,248710
8320,0,248944
8321,0,249178
8322,0,249412
8323,0,249646
8324,0,249881
8325,0,250115
8326,0,250350
8327,0,250586
8328,0,250821
8329,0,251057
8330,0,251292
8331,0,251528
8332,0,251765
8333,0,252001
8334,0,252238
8335,0,252475
8336,0,252712
8337,0,252949
8338,0,253187
8339,0,253425
8340,0,253663
8341,0,253901
8342,0,254140
8343,0,254378
8344,0,254617
8345,0,254857
8346,0,255096
8347,0,255336
8348,0,255575
8349,0,255815
8350,0,256056
8351,0,256296
8352,0,256537
8353,0,256778
8354,0,257019
8355,0,257261
8356,0,257502
8357,0,257744
8358,0,257986
8359,0,258229
8360,0,258471
8361,0,258714
8362,0,258957
8363,0,259200
8364,0,259444
8365,0,259687
8366,0,259931
8367,0,260176
8368,0,260420
8369,0,260665
8370,0,260909
8371,0,261155
8372,0,261400
8373,0,261645
8374,0,261891
8375,0,262137
8376,0,262383
8377,0,262630
8378,0,262877
8379,0,263124
8380,0,263371
8381,0,263618
8382,0,263866
8383,0,264114
8384,0,264362
8385,0,264610
8386,0,264859
8387,0,265107
8388,0,265356
8389,0,265606
8390,0,265855
8391,0,266105
8392,0,266355
8393,0,266605
8394,0,266856
8395,0,267106
8396,0,267357
8397,0,267608
8398,0,267860
8399,0,268111
8400,0,268363
8401,0,268615
8402,0,268867
8403,0,269120
8404,0,269373
8405,0,269626
8406,0,269879
8407,0,270133
8408,0,270386
8409,0,270640
8410,0,270895
8411,0,271149
8412,0,271404
8413,0,271659
8414,0,271914
8415,0,272169
8416,0,272425
8417,0,272681
8418,0,272937
8419,0,273193
8420,0,273450
8421,0,273707
8422,0,273964
8423,0,274221
8424,0,274479
8425,0,274737
8426,0,274995
8427,0,275253
8428,0,275512
8429,0,275771
8430,0,276030
8431,0,276289
8432,0,276548
8433,0,276808
8434,0,277068
8435,0,277328
8436,0,277589
8437,0,277850
8438,0,278111
8439,0,278372
8440,0,278633
8441,0,278895
8442,0,279157
8443,0,279419
8444,0,279682
8445,0,279945
8446,0,280208
8447,0,280471
8448,0,280734
8449,0,280998
8450,0,281262
8451,0,281526
8452,0,281791
8453,0,282055
8454,0,282320
8455,0,282585
8456,0,282851
8457,0,283117
8458,0,283383
8459,0,283649
8460,0,283915
8461,0,284182
8462,0,284449
8463,0,284716
8464,0,284983
8465,0,285251
8466,0,285519
8467,0,285787
8468,0,286056
8469,0,286324
8470,0,286593
8471,0,286863
8472,0,287132
8473,0,287402
8474,0,287672
8475,0,287942
8476,0,288212
8477,0,288483
8478,0,288754
8479,0,289025
8480,0,289297
8481,0,289569
8482,0,289841
8483,0,290113
8484,0,290385
8485,0,290658
8486,0,290931
8487,0,291205
8488,0,291478
8489,0,291752
8490,0,292026
8491,0,292300
8492,0,292575
8493,0,292850
8494,0,293125
8495,0,293400
8496,0,293676
8497,0,293952
8498,0,294228
8499,0,294504
8500,0,294781
8501,0,295058
8502,0,295335
8503,0,295612
8504,0,295890
8505,0,296168
8506,0,296446
8507,0,296725
8508,0,297003
8509,0,297282
8510,0,297562
8511,0,297841
8512,0,298121
8513,0,298401
8514,0,298681
8515,0,298962
8516,0,299243
8517,0,299524
8518,0,299805
8519,0,300087
8520,0,300369
8521,0,300651
8522,0,300933
8523,0,301216
8524,0,301499
8525,0,301782
8526,0,302065
8527,0,302349
8528,0,302633
8529,0,302917
8530,0,303202
8531,0,303487
8532,0,303772
8533,0,304057
8534,0,304343
8535,0,304629
8536,0,304915
8537,0,305201
8538,0,305488
8539,0,305775
8540,0,306062
8541,0,306350
8542,0,306637
8543,0,306926
8544,0,307214
8545,0,307502
8546,0,307791
8547,0,308080
8548,0,308370
8549,0,308659
8550,0,308949
8551,0,309240
8552,0,309530
8553,0,309821
8554,0,310112
8555,0,310403
8556,0,310695
8557,0,310987
8558,0,311279
8559,0,311571
8560,0,311864
8561,0,312157
8562,0,312450
8563,0,312743
8564,0,313037
8565,0,313331
8566,0,313626
8567,0,313920
8568,0,314215
8569,0,314510
8570,0,314806
8571,0,315101
8572,0,315397
8573,0,315694
8574,0,315990
8575,0,316287
8576,0,316584
8577,0,316882
8578,0,317179
8579,0,317477
8580,0,317775
8581,0,318074
8582,0,318373
8583,0,318672
8584,0,318971
8585,0,319271
8586,0,319571
8587,0,319871
8588,0,320171
8589,0,320472
8590,0,320773
8591,0,321074
8592,0,321376
8593,0,321678
8594,0,321980
8595,0,322282
8596,0,322585
8597,0,322888
8598,0,323192
8599,0,323495
8600,0,323799
8601,0,324103
8602,0,324408
8603,0,324712
8604,0,325017
8605,0,325323
8606,0,325628
8607,0,325934
8608,0,326240
8609,0,326547
8610,0,326854
8611,0,327161
8612,0,327468
8613,0,327775
8614,0,328083
8615,0,328392
8616,0,328700
8617,0,329009
8618,0,329318
8619,0,329627
8620,0,329937
8621,0,330247
8622,0,330557
8623,0,330867
8624,0,331178
8625,0,331489
8626,0,331801
8627,0,332112
8628,0,332424
8629,0,332737
8630,0,333049
8631,0,333362
8632,0,333675
8633,0,333989
8634,0,334302
8635,0,334616
8636,0,334931
8637,0,335245
8638,0,335560
8639,0,335876
8640,0,336191
8641,0,336507
8642,0,336823
8643,0,337139
8644,0,337456
8645,0,337773
8646,0,338090
8647,0,338408
8648,0,338726
8649,0,339044
8650,0,339362
8651,0,339681
8652,0,340000
8653,0,340320
8654,0,340639
8655,0,340959
8656,0,341280
8657,0,341600
8658,0,341921
8659,0,342242
8660,0,342564
8661,0,342886
8662,0,343208
8663,0,343530
8664,0,343853
8665,0,344176
8666,0,344499
8667,0,344823
8668,0,345147
8669,0,345471
8670,0,345795
8671,0,346120
8672,0,346445
8673,0,346771
8674,0,347096
8675,0,347422
8676,0,347749
8677,0,348075
8678,0,348402
8679,0,348730
8680,0,349057
8681,0,349385
8682,0,349713
8683,0,350042
8684,0,350371
8685,0,350700
8686,0,351029
8687,0,351359
8688,0,351689
8689,0,352019
8690,0,352350
8691,0,352681
8692,0,353012
8693,0,353344
8694,0,353676
8695,0,354008
8696,0,354341
8697,0,354673
8698,0,355007
8699,0,355340
8700,0,355674
8701,0,356008
8702,0,356342
8703,0,356677
8704,0,357012
8705,0,357347
8706,0,357683
8707,0,358019
8708,0,358355
8709,0,358692
8710,0,359029
8711,0,359366
8712,0,359704
8713,0,360042
8714,0,360380
8715,0,360718
8716,0,361057
8717,0,361396
8718,0,361736
8719,0,362076
8720,0,362416
8721,0,362756
8722,0,363097
8723,0,363438
8724,0,363780
8725,0,364121
8726,0,364463
8727,0,364806
8728,0,365148
8729,0,365491
8730,0,365835
8731,0,366178
8732,0,366522
8733,0,366867
8734,0,367211
8735,0,367556
8736,0,367901
8737,0,368247
8738,0,368593
8739,0,368939
8740,0,369286
8741,0,369633
8742,0,369980
8743,0,370327
8744,0,370675
8745,0,371023
8746,0,371372
8747,0,371721
8748,0,372070
8749,0,372419
8750,0,372769
8751,0,373119
8752,0,373470
8753,0,373821
8754,0,374172
8755,0,374523
8756,0,374875
8757,0,375227
8758,0,375580
8759,0,375933
8760,0,376286
8761,0,376639
8762,0,376993
8763,0,377347
8764,0,377702
8765,0,378056
8766,0,378412
8767,0,378767
8768,0,379123
8769,0,379479
8770,0,379835
8771,0,380192
8772,0,380549
8773,0,380907
8774,0,381265
8775,0,381623
8776,0,381981
8777,0,382340
8778,0,382699
8779,0,383059
8780,0,383418
8781,0,383779
8782,0,384139
8783,0,384500
8784,0,384861
8785,0,385223
8786,0,385585
8787,0,385947
8788,0,386309
8789,0,386672
8790,0,387035
8791,0,387399
8792,0,387763
8793,0,388127
8794,0,388492
8795,0,388857
8796,0,389222
8797,0,389588
8798,0,389953
8799,0,390320
8800,0,390686
8801,0,391053
8802,0,391421
8803,0,391788
8804,0,392156
8805,0,392525
8806,0,392894
8807,0,393263
8808,0,393632
8809,0,394002
8810,0,394372
8811,0,394742
8812,0,395113
8813,0,395484
8814,0,395856
8815,0,396228
8816,0,396600
8817,0,396972
8818,0,397345
8819,0,397719
8820,0,398092
8821,0,398466
8822,0,398840
8823,0,399215
8824,0,399590
8825,0,399965
8826,0,400341
8827,0,400717
8828,0,401094
8829,0,401470
8830,0,401847
8831,0,402225
8832,0,402603
8833,0,402981
8834,0,403360
8835,0,403738
8836,0,404118
8837,0,404497
8838,0,404877
8839,0,405258
8840,0,405638
8841,0,406019
8842,0,406401
8843,0,406782
8844,0,407165
8845,0,407547
8846,0,407930
8847,0,408313
8848,0,408697
8849,0,409080
8850,0,409465
8851,0,409849
8852,0,410234
8853,0,410620
8854,0,411005
8855,0,411392
8856,0,411778
8857,0,412165
8858,0,412552
8859,0,412939
8860,0,413327
8861,0,413716
8862,0,414104
8863,0,414493
8864,0,414883
8865,0,415272
8866,0,415662
8867,0,416053
8868,0,416444
8869,0,416835
8870,0,417226
8871,0,417618
8872,0,418011
8873,0,418403
8874,0,418796
8875,0,419190
8876,0,419583
8877,0,419978
8878,0,420372
8879,0,420767
8880,0,421162
8881,0,421558
8882,0,421954
8883,0,422350
8884,0,422747
8885,0,423144
8886,0,423542
8887,0,423939
8888,0,424338
8889,0,424736
8890,0,425135
8891,0,425535
8892,0,425934
8893,0,426334
8894,0,426735
8895,0,427136
8896,0,427537
8897,0,427939
8898,0,428341
8899,0,428743
8900,0,429146
8901,0,429549
8902,0,429952
8903,0,430356
8904,0,430760
8905,0,431165
8906,0,431570
8907,0,431975
8908,0,432381
8909,0,432787
8910,0,433194
8911,0,433601
8912,0,434008
8913,0,434416
8914,0,434824
8915,0,435232
8916,0,435641
8917,0,436050
8918,0,436460
8919,0,436870
8920,0,437280
8921,0,437691
8922,0,438102
8923,0,438514
8924,0,438926
8925,0,439338
8926,0,439751
8927,0,440164
8928,0,440577
8929,0,440991
8930,0,441405
8931,0,441820
8932,0,442235
8933,0,442650
8934,0,443066
8935,0,443482
8936,0,443899
8937,0,444316
8938,0,444733
8939,0,445151
8940,0,445569
8941,0,445988
8942,0,446407
8943,0,446826
8944,0,447246
8945,0,447666
8946,0,448086
8947,0,448507
8948,0,448929
8949,0,449350
8950,0,449773
8951,0,450195
8952,0,450618
8953,0,451041
8954,0,451465
8955,0,451889
8956,0,452313
8957,0,452738
8958,0,453164
8959,0,453589
8960,0,454015
8961,0,454442
8962,0,454869
8963,0,455296
8964,0,455724
8965,0,456152
8966,0,456580
8967,0,457009
8968,0,457438
8969,0,457868
8970,0,458298
8971,0,458729
8972,0,459160
8973,0,459591
8974,0,460023
8975,0,460455
8976,0,460887
8977,0,461320
8978,0,461754
8979,0,462187
8980,0,462622
8981,0,463056
8982,0,463491
8983,0,463926
8984,0,464362
8985,0,464798
8986,0,465235
8987,0,465672
8988,0,466109
8989,0,466547
8990,0,466986
8991,0,467424
8992,0,467863
8993,0,468303
8994,0,468743
8995,0,469183
8996,0,469624
8997,0,470065
8998,0,470506
8999,0,470948
9000,0,471391
9001,0,471834
9002,0,472277
9003,0,472720
9004,0,473165
9005,0,473609
9006,0,474054
9007,0,474499
9008,0,474945
9009,0,475391
9010,0,475838
9011,0,476285
9012,0,476732
9013,0,477180
9014,0,477628
9015,0,478077
9016,0,478526
9017,0,478975
9018,0,479425
9019,0,479876
9020,0,480326
9021,0,480778
9022,0,481229
9023,0,481681
9024,0,482134
9025,0,482587
9026,0,483040
9027,0,483494
9028,0,483948
9029,0,484402
9030,0,484857
9031,0,485313
9032,0,485769
9033,0,486225
9034,0,486682
9035,0,487139
9036,0,487597
9037,0,488055
9038,0,488513
9039,0,488972
9040,0,489431
9041,0,489891
9042,0,490351
9043,0,490812
9044,0,491273
9045,0,491734
9046,0,492196
9047,0,492659
9048,0,493121
9049,0,493585
9050,0,494048
9051,0,494512
9052,0,494977
9053,0,495442
9054,0,495907
9055,0,496373
9056,0,496839
9057,0,497306
9058,0,497773
9059,0,498241
9060,0,498709
9061,0,499177
9062,0,499646
9063,0,500115
9064,0,500585
9065,0,501055
9066,0,501526
9067,0,501997
9068,0,502469
9069,0,502941
9070,0,503413
9071,0,503886
9072,0,504359
9073,0,504833
9074,0,505307
9075,0,505782
9076,0,506257
9077,0,506733
9078,0,507209
9079,0,507685
9080,0,508162
9081,0,508639
9082,0,509117
9083,0,509595
9084,0,510074
9085,0,510553
9086,0,511033
9087,0,511513
9088,0,511993
9089,0,512474
9090,0,512956
9091,0,513438
9092,0,513920
9093,0,514403
9094,0,514886
9095,0,515369
9096,0,515854
9097,0,516338
9098,0,516823
9099,0,517309
9100,0,517795
9101,0,518281
9102,0,518768
9103,0,519255
9104,0,519743
9105,0,520231
9106,0,520720
9107,0,521209
9108,0,521699
9109,0,522189
9110,0,522679
9111,0,523170
9112,0,523662
9113,0,524153
9114,0,524646
9115,0,525139
9116,0,525632
9117,0,526126
9118,0,526620
9119,0,527115
9120,0,527610
9121,0,528105
9122,0,528601
9123,0,529098
9124,0,529595
9125,0,530092
9126,0,530590
9127,0,531089
9128,0,531588
9129,0,532087
9130,0,532587
9131,0,533087
9132,0,533588
9133,0,534089
9134,0,534591
9135,0,535093
9136,0,535596
9137,0,536099
9138,0,536602
9139,0,537106
9140,0,537611
9141,0,538116
9142,0,538621
9143,0,539127
9144,0,539634
9145,0,540141
9146,0,540648
9147,0,541156
9148,0,541664
9149,0,542173
9150,0,542682
9151,0,543192
9152,0,543702
9153,0,544213
9154,0,544724
9155,0,545236
9156,0,545748
9157,0,546261
9158,0,546774
9159,0,547288
9160,0,547802
9161,0,548316
9162,0,548831
9163,0,549347
9164,0,549863
9165,0,550379
9166,0,550896
9167,0,551414
9168,0,551932
9169,0,552450
9170,0,552969
9171,0,553489
9172,0,554009
9173,0,554529
9174,0,555050
9175,0,555571
9176,0,556093
9177,0,556616
9178,0,557138
9179,0,557662
9180,0,558186
9181,0,558710
9182,0,559235
9183,0,559760
9184,0,560286
9185,0,560812
9186,0,561339
9187,0,561866
9188,0,562394
9189,0,562922
9190,0,563451
9191,0,563980
9192,0,564510
9193,0,565040
9194,0,565571
9195,0,566102
9196,0,566634
9197,0,567167
9198,0,567699
9199,0,568233
9200,0,568766
9201,0,569301
9202,0,569835
9203,0,570371
9204,0,570906
9205,0,571443
9206,0,571980
9207,0,572517
9208,0,573055
9209,0,573593
9210,0,574132
9211,0,574671
9212,0,575211
9213,0,575751
9214,0,576292
9215,0,576833
9216,0,577375
9217,0,577918
9218,0,578460
9219,0,579004
9220,0,579548
9221,0,580092
9222,0,580637
9223,0,581182
9224,0,581728
9225,0,582275
9226,0,582822
9227,0,583369
9228,0,583917
9229,0,584466
9230,0,585015
9231,0,585564
9232,0,586114
9233,0,586665
9234,0,587216
9235,0,587768
9236,0,588320
9237,0,588872
9238,0,589425
9239,0,589979
9240,0,590533
9241,0,591088
9242,0,591643
9243,0,592199
9244,0,592755
9245,0,593312
9246,0,593870
9247,0,594427
9248,0,594986
9249,0,595545
9250,0,596104
9251,0,596664
9252,0,597224
9253,0,597785
9254,0,598347
9255,0,598909
9256,0,599472
9257,0,600035
9258,0,600598
9259,0,601163
9260,0,601727
9261,0,602293
9262,0,602858
9263,0,603425
9264,0,603991
9265,0,604559
9266,0,605127
9267,0,605695
9268,0,606264
9269,0,606834
9270,0,607404
9271,0,607974
9272,0,608545
9273,0,609117
9274,0,609689
9275,0,610262
9276,0,610835
9277,0,611409
9278,0,611983
9279,0,612558
9280,0,613133
9281,0,613709
9282,0,614286
9283,0,614863
9284,0,615440
9285,0,616019
9286,0,616597
9287,0,617176
9288,0,617756
9289,0,618336
9290,0,618917
9291,0,619499
9292,0,620081
9293,0,620663
9294,0,621246
9295,0,621830
9296,0,622414
9297,0,622998
9298,0,623584
9299,0,624169
9300,0,624756
9301,0,625343
9302,0,625930
9303,0,626518
9304,0,627107
9305,0,627696
9306,0,628285
9307,0,628875
9308,0,629466
9309,0,630057
9310,0,630649
9311,0,631242
9312,0,631835
9313,0,632428
9314,0,633022
9315,0,633617
9316,0,634212
9317,0,634808
9318,0,635404
9319,0,636001
9320,0,636598
9321,0,637196
9322,0,637795
9323,0,638394
9324,0,638994
9325,0,639594
9326,0,640195
9327,0,640796
9328,0,641398
9329,0,642001
9330,0,642604
9331,0,643207
9332,0,643811
9333,0,644416
9334,0,645022
9335,0,645627
9336,0,646234
9337,0,646841
9338,0,647449
9339,0,648057
9340,0,648666
9341,0,649275
9342,0,649885
9343,0,650495
9344,0,651106
9345,0,651718
9346,0,652330
9347,0,652943
9348,0,653556
9349,0,654170
9350,0,654785
9351,0,655400
9352,0,656015
9353,0,656632
9354,0,657248
9355,0,657866
9356,0,658484
9357,0,659102
9358,0,659721
9359,0,660341
9360,0,660961
9361,0,661582
9362,0,662204
9363,0,662826
9364,0,663448
9365,0,664072
9366,0,664695
9367,0,665320
9368,0,665945
9369,0,666570
9370,0,667196
9371,0,667823
9372,0,668451
9373,0,669078
9374,0,669707
9375,0,670336
9376,0,670966
9377,0,671596
9378,0,672227
9379,0,672858
9380,0,673490
9381,0,674123
9382,0,674756
9383,0,675390
9384,0,676025
9385,0,676660
9386,0,677295
9387,0,677931
9388,0,678568
9389,0,679206
9390,0,679844
9391,0,680482
9392,0,681121
9393,0,681761
9394,0,682402
9395,0,683043
9396,0,683684
9397,0,684327
9398,0,684969
9399,0,685613
9400,0,686257
9401,0,686901
9402,0,687547
9403,0,688193
9404,0,688839
9405,0,689486
9406,0,690134
9407,0,690782
9408,0,691431
9409,0,692080
9410,0,692730
9411,0,693381
9412,0,694033
9413,0,694684
9414,0,695337
9415,0,695990
9416,0,696644
9417,0,697298
9418,0,697953
9419,0,698609
9420,0,699265
9421,0,699922
9422,0,700580
9423,0,701238
9424,0,701896
9425,0,702556
9426,0,703216
9427,0,703876
9428,0,704537
9429,0,705199
9430,0,705862
9431,0,706525
9432,0,707188
9433,0,707853
9434,0,708518
9435,0,709183
9436,0,709849
9437,0,710516
9438,0,711184
9439,0,711852
9440,0,712520
9441,0,713190
9442,0,713860
9443,0,714530
9444,0,715201
9445,0,715873
9446,0,716546
9447,0,717219
9448,0,717892
9449,0,718567
9450,0,719242
9451,0,719917
9452,0,720594
9453,0,721270
9454,0,721948
9455,0,722626
9456,0,723305
9457,0,723984
9458,0,724664
9459,0,725345
9460,0,726027
9461,0,726709
9462,0,727391
9463,0,728074
9464,0,728758
9465,0,729443
9466,0,730128
9467,0,730814
9468,0,731500
9469,0,732188
9470,0,732875
9471,0,733564
9472,0,734253
9473,0,734943
9474,0,735633
9475,0,736324
9476,0,737016
9477,0,737708
9478,0,738401
9479,0,739095
9480,0,739789
9481,0,740484
9482,0,741179
9483,0,741876
9484,0,742572
9485,0,743270
9486,0,743968
9487,0,744667
9488,0,745367
9489,0,746067
9490,0,746768
9491,0,747469
9492,0,748171
9493,0,748874
9494,0,749577
9495,0,750282
9496,0,750986
9497,0,751692
9498,0,752398
9499,0,753105
9500,0,753812
9501,0,754520
9502,0,755229
9503,0,755938
9504,0,756648
9505,0,757359
9506,0,758071
9507,0,758783
9508,0,759495
9509,0,760209
9510,0,760923
9511,0,761638
9512,0,762353
9513,0,763069
9514,0,763786
9515,0,764504
9516,0,765222
9517,0,765941
9518,0,766660
9519,0,767380
9520,0,768101
9521,0,768823
9522,0,769545
9523,0,770268
9524,0,770991
9525,0,771715
9526,0,772440
9527,0,773166
9528,0,773892
9529,0,774619
9530,0,775347
9531,0,776075
9532,0,776804
9533,0,777534
9534,0,778264
9535,0,778995
9536,0,779727
9537,0,780459
9538,0,781193
9539,0,781926
9540,0,782661
9541,0,783396
9542,0,784132
9543,0,784869
9544,0,785606
9545,0,786344
9546,0,787082
9547,0,787822
9548,0,788562
9549,0,789303
9550,0,790044
9551,0,790786
9552,0,791529
9553,0,792272
9554,0,793017
9555,0,793762
9556,0,794507
9557,0,795254
9558,0,796001
9559,0,796748
9560,0,797497
9561,0,798246
9562,0,798996
9563,0,799746
9564,0,800497
9565,0,801249
9566,0,802002
9567,0,802755
9568,0,803509
9569,0,804264
9570,0,805020
9571,0,805776
9572,0,806533
9573,0,807290
9574,0,808049
9575,0,808808
9576,0,809568
9577,0,810328
9578,0,811089
9579,0,811851
9580,0,812614
9581,0,813377
9582,0,814141
9583,0,814906
9584,0,815671
9585,0,816438
9586,0,817205
9587,0,817972
9588,0,818741
9589,0,819510
9590,0,820279
9591,0,821050
9592,0,821821
9593,0,822593
9594,0,823366
9595,0,824139
9596,0,824913
9597,0,825688
9598,0,826464
9599,0,827240
9600,0,828017
9601,0,828795
9602,0,829574
9603,0,830353
9604,0,831133
9605,0,831914
9606,0,832695
9607,0,833477
9608,0,834260
9609,0,835044
9610,0,835828
9611,0,836613
9612,0,837399
9613,0,838186
9614,0,838973
9615,0,839761
9616,0,840550
9617,0,841340
9618,0,842130
9619,0,842921
9620,0,843713
9621,0,844506
9622,0,845299
9623,0,846093
9624,0,846888
9625,0,847683
9626,0,848479
9627,0,849276
9628,0,850074
9629,0,850873
9630,0,851672
9631,0,852472
9632,0,853273
9633,0,854074
9634,0,854877
9635,0,855680
9636,0,856483
9637,0,857288
9638,0,858093
9639,0,858899
9640,0,859706
9641,0,860514
9642,0,861322
9643,0,862131
9644,0,862941
9645,0,863752
9646,0,864563
9647,0,865375
9648,0,866188
9649,0,867002
9650,0,867816
9651,0,868631
9652,0,869447
9653,0,870264
9654,0,871081
9655,0,871900
9656,0,872719
9657,0,873538
9658,0,874359
9659,0,875180
9660,0,876002
9661,0,876825
9662,0,877649
9663,0,878473
9664,0,879299
9665,0,880124
9666,0,880951
9667,0,881779
9668,0,882607
9669,0,883436
9670,0,884266
9671,0,885097
9672,0,885928
9673,0,886760
9674,0,887593
9675,0,888427
9676,0,889262
9677,0,890097
9678,0,890933
9679,0,891770
9680,0,892608
9681,0,893446
9682,0,894285
9683,0,895125
9684,0,895966
9685,0,896808
9686,0,897650
9687,0,898493
9688,0,899337
9689,0,900182
9690,0,901028
9691,0,901874
9692,0,902721
9693,0,903569
9694,0,904418
9695,0,905268
9696,0,906118
9697,0,906969
9698,0,907821
9699,0,908674
9700,0,909528
9701,0,910382
9702,0,911237
9703,0,912093
9704,0,912950
9705,0,913807
9706,0,914666
9707,0,915525
9708,0,916385
9709,0,917246
9710,0,918107
9711,0,918970
9712,0,919833
9713,0,920697
9714,0,921562
9715,0,922428
9716,0,923294
9717,0,924161
9718,0,925030
9719,0,925898
9720,0,926768
9721,0,927639
9722,0,928510
9723,0,929382
9724,0,930255
9725,0,931129
9726,0,932004
9727,0,932879
9728,0,933756
9729,0,934633
9730,0,935511
9731,0,936389
9732,0,937269
9733,0,938150
9734,0,939031
9735,0,939913
9736,0,940796
9737,0,941679
9738,0,942564
9739,0,943449
9740,0,944336
9741,0,945223
9742,0,946111
9743,0,946999
9744,0,947889
9745,0,948779
9746,0,949671
9747,0,950563
9748,0,951456
9749,0,952349
9750,0,953244
9751,0,954139
9752,0,955036
9753,0,955933
9754,0,956831
9755,0,957729
9756,0,958629
9757,0,959530
9758,0,960431
9759,0,961333
9760,0,962236
9761,0,963140
9762,0,964045
9763,0,964950
9764,0,965857
9765,0,966764
9766,0,967672
9767,0,968581
9768,0,969491
9769,0,970402
9770,0,971313
9771,0,972226
9772,0,973139
9773,0,974053
9774,0,974968
9775,0,975884
9776,0,976801
9777,0,977718
9778,0,978637
9779,0,979556
9780,0,980476
9781,0,981397
9782,0,982319
9783,0,983242
9784,0,984165
9785,0,985090
9786,0,986015
9787,0,986941
9788,0,987868
9789,0,988796
9790,0,989725
9791,0,990655
9792,0,991585
9793,0,992517
9794,0,993449
9795,0,994382
9796,0,995316
9797,0,996251
9798,0,997187
9799,0,998124
9800,0,999062
9801,0,1000000
9802,100,1000000
